a3,a0
a0,a3
a3,a1388
a1388,a3
a8,a0
a0,a8
a8,a44
a44,a8
a17,a0
a0,a17
a17,a1027
a1027,a17
a21,a0
a0,a21
a21,a1588
a1588,a21
a21,a566
a566,a21
a25,a0
a0,a25
a28,a0
a0,a28
a28,a1713
a1713,a28
a30,a0
a0,a30
a30,a1401
a1401,a30
a30,a805
a805,a30
a38,a0
a0,a38
a43,a0
a0,a43
a43,a1316
a1316,a43
a43,a28
a28,a43
a47,a0
a0,a47
a56,a0
a0,a56
a56,a655
a655,a56
a56,a834
a834,a56
a113,a0
a0,a113
a113,a316
a316,a113
a113,a63
a63,a113
a115,a0
a0,a115
a123,a0
a0,a123
a123,a122
a122,a123
a123,a1468
a1468,a123
a134,a1577
a1577,a134
a143,a0
a0,a143
a182,a0
a0,a182
a184,a0
a0,a184
a184,a238
a238,a184
a184,a970
a970,a184
a193,a0
a0,a193
a193,a923
a923,a193
a193,a1046
a1046,a193
a212,a0
a0,a212
a212,a576
a576,a212
a212,a1655
a1655,a212
a212,a835
a835,a212
a212,a1678
a1678,a212
a249,a0
a0,a249
a249,a290
a290,a249
a249,a322
a322,a249
a253,a0
a0,a253
a288,a0
a0,a288
a289,a0
a0,a289
a327,a0
a0,a327
a327,a634
a634,a327
a327,a1291
a1291,a327
a335,a0
a0,a335
a338,a0
a0,a338
a341,a0
a0,a341
a341,a1921
a1921,a341
a428,a0
a0,a428
a428,a1874
a1874,a428
a447,a0
a0,a447
a447,a315
a315,a447
a447,a1871
a1871,a447
a447,a805
a805,a447
a451,a0
a0,a451
a516,a0
a0,a516
a516,a631
a631,a516
a549,a0
a0,a549
a549,a506
a506,a549
a558,a0
a0,a558
a588,a0
a0,a588
a677,a0
a0,a677
a746,a0
a0,a746
a762,a0
a0,a762
a762,a170
a170,a762
a813,a0
a0,a813
a925,a0
a0,a925
a925,a525
a525,a925
a925,a471
a471,a925
a925,a246
a246,a925
a1083,a0
a0,a1083
a1083,a165
a165,a1083
a1083,a1764
a1764,a1083
a1086,a0
a0,a1086
a1132,a0
a0,a1132
a1132,a114
a114,a1132
a1132,a460
a460,a1132
a1179,a0
a0,a1179
a1179,a414
a414,a1179
a1179,a572
a572,a1179
a1179,a416
a416,a1179
a1179,a559
a559,a1179
a1184,a0
a0,a1184
a1284,a0
a0,a1284
a1284,a1717
a1717,a1284
a1297,a0
a0,a1297
a1297,a1727
a1727,a1297
a1376,a0
a0,a1376
a1475,a0
a0,a1475
a1475,a39
a39,a1475
a1536,a0
a0,a1536
a1539,a0
a0,a1539
a1539,a88
a88,a1539
a1541,a0
a0,a1541
a1599,a466
a466,a1599
a1610,a261
a261,a1610
a1627,a0
a0,a1627
a1627,a944
a944,a1627
a1627,a1225
a1225,a1627
a1736,a0
a0,a1736
a1792,a0
a0,a1792
a1792,a864
a864,a1792
a1872,a0
a0,a1872
a1886,a0
a0,a1886
a1886,a195
a195,a1886
a1965,a0
a0,a1965
a2,a1
a1,a2
a12,a360
a360,a12
a29,a1
a1,a29
a29,a279
a279,a29
a29,a511
a511,a29
a32,a1
a1,a32
a74,a1
a1,a74
a112,a1
a1,a112
a112,a1348
a1348,a112
a135,a1
a1,a135
a200,a1
a1,a200
a200,a1425
a1425,a200
a200,a173
a173,a200
a237,a1
a1,a237
a237,a241
a241,a237
a285,a1
a1,a285
a285,a377
a377,a285
a310,a1
a1,a310
a310,a1160
a1160,a310
a316,a1
a1,a316
a316,a165
a165,a316
a331,a1
a1,a331
a340,a1
a1,a340
a340,a993
a993,a340
a635,a1
a1,a635
a635,a1513
a1513,a635
a635,a957
a957,a635
a707,a1
a1,a707
a730,a8
a8,a730
a730,a263
a263,a730
a730,a148
a148,a730
a751,a1
a1,a751
a751,a403
a403,a751
a1052,a1
a1,a1052
a1223,a1
a1,a1223
a1223,a23
a23,a1223
a1362,a1
a1,a1362
a1362,a1926
a1926,a1362
a1561,a1
a1,a1561
a1561,a152
a152,a1561
a1810,a1
a1,a1810
a1898,a1
a1,a1898
a1898,a175
a175,a1898
a4,a2
a2,a4
a4,a1276
a1276,a4
a16,a2
a2,a16
a19,a2
a2,a19
a19,a1275
a1275,a19
a23,a2
a2,a23
a23,a1455
a1455,a23
a23,a600
a600,a23
a23,a485
a485,a23
a37,a2
a2,a37
a37,a1887
a1887,a37
a37,a618
a618,a37
a63,a2
a2,a63
a63,a1888
a1888,a63
a63,a979
a979,a63
a78,a2
a2,a78
a80,a2
a2,a80
a84,a2
a2,a84
a165,a2
a2,a165
a165,a663
a663,a165
a165,a1183
a1183,a165
a384,a2
a2,a384
a384,a697
a697,a384
a442,a2
a2,a442
a455,a2
a2,a455
a602,a2
a2,a602
a711,a2
a2,a711
a856,a2
a2,a856
a982,a2
a2,a982
a983,a2
a2,a983
a983,a300
a300,a983
a1012,a2
a2,a1012
a1012,a299
a299,a1012
a1043,a2
a2,a1043
a1043,a1713
a1713,a1043
a1226,a2
a2,a1226
a1226,a1762
a1762,a1226
a1390,a2
a2,a1390
a1462,a2
a2,a1462
a1462,a905
a905,a1462
a1507,a2
a2,a1507
a1507,a1670
a1670,a1507
a1507,a1600
a1600,a1507
a1507,a1739
a1739,a1507
a1614,a2
a2,a1614
a1614,a871
a871,a1614
a1882,a2
a2,a1882
a1951,a2
a2,a1951
a1951,a914
a914,a1951
a1979,a2
a2,a1979
a1979,a1229
a1229,a1979
a1979,a951
a951,a1979
a7,a3
a3,a7
a9,a3
a3,a9
a9,a1040
a1040,a9
a9,a1876
a1876,a9
a10,a3
a3,a10
a18,a3
a3,a18
a18,a1173
a1173,a18
a20,a3
a3,a20
a39,a3
a3,a39
a39,a191
a191,a39
a41,a136
a136,a41
a41,a1235
a1235,a41
a48,a3
a3,a48
a48,a1528
a1528,a48
a82,a3
a3,a82
a82,a1796
a1796,a82
a82,a787
a787,a82
a82,a1412
a1412,a82
a108,a3
a3,a108
a110,a3
a3,a110
a125,a3
a3,a125
a137,a3
a3,a137
a137,a501
a501,a137
a137,a234
a234,a137
a152,a3
a3,a152
a152,a774
a774,a152
a152,a405
a405,a152
a152,a1833
a1833,a152
a232,a3
a3,a232
a251,a3
a3,a251
a251,a56
a56,a251
a279,a3
a3,a279
a279,a489
a489,a279
a372,a3
a3,a372
a382,a3
a3,a382
a437,a3
a3,a437
a437,a515
a515,a437
a529,a3
a3,a529
a529,a937
a937,a529
a655,a3
a3,a655
a729,a3
a3,a729
a729,a87
a87,a729
a740,a3
a3,a740
a771,a3
a3,a771
a815,a3
a3,a815
a815,a1856
a1856,a815
a901,a3
a3,a901
a901,a1004
a1004,a901
a901,a1867
a1867,a901
a934,a3
a3,a934
a1022,a3
a3,a1022
a1022,a1852
a1852,a1022
a1030,a3
a3,a1030
a1030,a1794
a1794,a1030
a1081,a3
a3,a1081
a1081,a1935
a1935,a1081
a1371,a3
a3,a1371
a1371,a1251
a1251,a1371
a1371,a1948
a1948,a1371
a1371,a1618
a1618,a1371
a1371,a1445
a1445,a1371
a1386,a3
a3,a1386
a1448,a3
a3,a1448
a1448,a71
a71,a1448
a5,a4
a4,a5
a97,a4
a4,a97
a412,a4
a4,a412
a412,a47
a47,a412
a412,a1786
a1786,a412
a991,a4
a4,a991
a991,a992
a992,a991
a1293,a4
a4,a1293
a1293,a1950
a1950,a1293
a1424,a4
a4,a1424
a1424,a1609
a1609,a1424
a1424,a21
a21,a1424
a1594,a4
a4,a1594
a1594,a1804
a1804,a1594
a6,a5
a5,a6
a6,a816
a816,a6
a6,a891
a891,a6
a68,a5
a5,a68
a139,a5
a5,a139
a199,a5
a5,a199
a199,a410
a410,a199
a199,a317
a317,a199
a240,a5
a5,a240
a240,a1177
a1177,a240
a566,a5
a5,a566
a566,a287
a287,a566
a1249,a5
a5,a1249
a1249,a198
a198,a1249
a1249,a1243
a1243,a1249
a1249,a756
a756,a1249
a1482,a5
a5,a1482
a1482,a1464
a1464,a1482
a1482,a392
a392,a1482
a1482,a503
a503,a1482
a1655,a5
a5,a1655
a163,a6
a6,a163
a220,a6
a6,a220
a220,a558
a558,a220
a493,a6
a6,a493
a493,a384
a384,a493
a587,a6
a6,a587
a737,a210
a210,a737
a872,a6
a6,a872
a1105,a6
a6,a1105
a1327,a6
a6,a1327
a1352,a6
a6,a1352
a13,a1115
a1115,a13
a580,a7
a7,a580
a26,a1037
a1037,a26
a31,a8
a8,a31
a31,a1808
a1808,a31
a31,a819
a819,a31
a54,a8
a8,a54
a54,a1449
a1449,a54
a122,a8
a8,a122
a122,a215
a215,a122
a222,a8
a8,a222
a355,a8
a8,a355
a368,a8
a8,a368
a490,a8
a8,a490
a506,a8
a8,a506
a520,a235
a235,a520
a520,a1474
a1474,a520
a595,a8
a8,a595
a595,a1263
a1263,a595
a620,a8
a8,a620
a620,a1433
a1433,a620
a620,a28
a28,a620
a643,a8
a8,a643
a643,a1534
a1534,a643
a947,a8
a8,a947
a947,a1226
a1226,a947
a947,a710
a710,a947
a947,a433
a433,a947
a965,a8
a8,a965
a965,a1367
a1367,a965
a981,a8
a8,a981
a981,a1508
a1508,a981
a997,a8
a8,a997
a997,a301
a301,a997
a1188,a8
a8,a1188
a1229,a76
a76,a1229
a1229,a1565
a1565,a1229
a1229,a1944
a1944,a1229
a1243,a8
a8,a1243
a1243,a812
a812,a1243
a1587,a8
a8,a1587
a1732,a8
a8,a1732
a11,a10
a10,a11
a22,a10
a10,a22
a22,a1073
a1073,a22
a22,a647
a647,a22
a40,a10
a10,a40
a52,a10
a10,a52
a89,a10
a10,a89
a89,a1905
a1905,a89
a129,a10
a10,a129
a129,a1683
a1683,a129
a151,a10
a10,a151
a221,a10
a10,a221
a238,a10
a10,a238
a522,a10
a10,a522
a590,a10
a10,a590
a590,a1686
a1686,a590
a590,a1425
a1425,a590
a590,a938
a938,a590
a590,a1937
a1937,a590
a590,a1025
a1025,a590
a590,a148
a148,a590
a590,a1229
a1229,a590
a590,a1318
a1318,a590
a597,a10
a10,a597
a597,a884
a884,a597
a715,a10
a10,a715
a715,a1552
a1552,a715
a715,a300
a300,a715
a827,a10
a10,a827
a871,a10
a10,a871
a1155,a10
a10,a1155
a1772,a10
a10,a1772
a1915,a10
a10,a1915
a1915,a129
a129,a1915
a14,a11
a11,a14
a14,a70
a70,a14
a141,a11
a11,a141
a167,a11
a11,a167
a167,a518
a518,a167
a167,a1986
a1986,a167
a167,a200
a200,a167
a183,a11
a11,a183
a183,a1704
a1704,a183
a183,a287
a287,a183
a570,a11
a11,a570
a570,a1481
a1481,a570
a570,a1010
a1010,a570
a664,a11
a11,a664
a699,a11
a11,a699
a699,a1285
a1285,a699
a706,a11
a11,a706
a899,a11
a11,a899
a1080,a11
a11,a1080
a1080,a1536
a1536,a1080
a1080,a367
a367,a1080
a1152,a11
a11,a1152
a1152,a1835
a1835,a1152
a1152,a1676
a1676,a1152
a1616,a11
a11,a1616
a1741,a11
a11,a1741
a1824,a11
a11,a1824
a1824,a929
a929,a1824
a1824,a579
a579,a1824
a158,a12
a12,a158
a158,a1013
a1013,a158
a311,a12
a12,a311
a311,a404
a404,a311
a311,a942
a942,a311
a399,a12
a12,a399
a399,a502
a502,a399
a399,a1565
a1565,a399
a487,a12
a12,a487
a515,a12
a12,a515
a36,a1150
a1150,a36
a36,a66
a66,a36
a124,a13
a13,a124
a539,a13
a13,a539
a539,a654
a654,a539
a539,a679
a679,a539
a24,a14
a14,a24
a42,a14
a14,a42
a42,a1351
a1351,a42
a42,a842
a842,a42
a42,a1280
a1280,a42
a53,a14
a14,a53
a53,a518
a518,a53
a166,a14
a14,a166
a166,a1898
a1898,a166
a350,a14
a14,a350
a350,a437
a437,a350
a350,a464
a464,a350
a454,a14
a14,a454
a758,a14
a14,a758
a758,a440
a440,a758
a1112,a14
a14,a1112
a1112,a1633
a1633,a1112
a1112,a1858
a1858,a1112
a1112,a1114
a1114,a1112
a1822,a14
a14,a1822
a1822,a33
a33,a1822
a1822,a1703
a1703,a1822
a50,a15
a15,a50
a50,a1930
a1930,a50
a57,a15
a15,a57
a64,a15
a15,a64
a64,a725
a725,a64
a64,a1231
a1231,a64
a75,a15
a15,a75
a298,a15
a15,a298
a500,a15
a15,a500
a508,a15
a15,a508
a508,a1215
a1215,a508
a525,a15
a15,a525
a525,a464
a464,a525
a701,a15
a15,a701
a701,a815
a815,a701
a701,a405
a405,a701
a855,a15
a15,a855
a1026,a15
a15,a1026
a1026,a496
a496,a1026
a1026,a1743
a1743,a1026
a1354,a15
a15,a1354
a1354,a1008
a1008,a1354
a1354,a1190
a1190,a1354
a1608,a15
a15,a1608
a1608,a1713
a1713,a1608
a1608,a474
a474,a1608
a1626,a15
a15,a1626
a1626,a1483
a1483,a1626
a1629,a15
a15,a1629
a1913,a15
a15,a1913
a1956,a15
a15,a1956
a1956,a1970
a1970,a1956
a160,a16
a16,a160
a160,a1814
a1814,a160
a27,a17
a17,a27
a204,a17
a17,a204
a204,a1328
a1328,a204
a371,a17
a17,a371
a518,a1775
a1775,a518
a852,a17
a17,a852
a852,a782
a782,a852
a852,a1930
a1930,a852
a852,a411
a411,a852
a961,a17
a17,a961
a961,a163
a163,a961
a1119,a17
a17,a1119
a1119,a819
a819,a1119
a1167,a17
a17,a1167
a1167,a832
a832,a1167
a1264,a17
a17,a1264
a1323,a17
a17,a1323
a1323,a1422
a1422,a1323
a1666,a17
a17,a1666
a1666,a128
a128,a1666
a1666,a655
a655,a1666
a1789,a17
a17,a1789
a1789,a525
a525,a1789
a244,a18
a18,a244
a244,a1283
a1283,a244
a663,a18
a18,a663
a663,a1425
a1425,a663
a663,a1910
a1910,a663
a1753,a18
a18,a1753
a1916,a18
a18,a1916
a1916,a183
a183,a1916
a153,a19
a19,a153
a1031,a19
a19,a1031
a1469,a19
a19,a1469
a1469,a293
a293,a1469
a178,a21
a21,a178
a178,a1528
a1528,a178
a178,a1401
a1401,a178
a178,a490
a490,a178
a1094,a21
a21,a1094
a1977,a21
a21,a1977
a1977,a485
a485,a1977
a35,a22
a22,a35
a85,a22
a22,a85
a85,a565
a565,a85
a90,a22
a22,a90
a90,a237
a237,a90
a90,a1064
a1064,a90
a321,a22
a22,a321
a321,a1332
a1332,a321
a321,a431
a431,a321
a417,a22
a22,a417
a417,a563
a563,a417
a1136,a22
a22,a1136
a1144,a22
a22,a1144
a1144,a1832
a1832,a1144
a1437,a22
a22,a1437
a34,a23
a23,a34
a60,a153
a153,a60
a66,a23
a23,a66
a66,a1229
a1229,a66
a72,a23
a23,a72
a81,a1061
a1061,a81
a81,a388
a388,a81
a87,a23
a23,a87
a87,a1915
a1915,a87
a87,a1846
a1846,a87
a87,a1681
a1681,a87
a91,a23
a23,a91
a103,a23
a23,a103
a103,a899
a899,a103
a107,a23
a23,a107
a109,a23
a23,a109
a109,a590
a590,a109
a119,a23
a23,a119
a136,a23
a23,a136
a136,a737
a737,a136
a136,a1227
a1227,a136
a136,a1729
a1729,a136
a136,a901
a901,a136
a136,a1375
a1375,a136
a148,a23
a23,a148
a148,a1026
a1026,a148
a164,a23
a23,a164
a164,a820
a820,a164
a196,a23
a23,a196
a203,a23
a23,a203
a203,a1150
a1150,a203
a203,a756
a756,a203
a206,a23
a23,a206
a215,a1436
a1436,a215
a219,a23
a23,a219
a219,a1615
a1615,a219
a227,a23
a23,a227
a227,a1898
a1898,a227
a227,a403
a403,a227
a227,a736
a736,a227
a256,a23
a23,a256
a269,a1219
a1219,a269
a269,a818
a818,a269
a303,a23
a23,a303
a337,a23
a23,a337
a337,a542
a542,a337
a349,a23
a23,a349
a349,a1745
a1745,a349
a349,a1922
a1922,a349
a359,a23
a23,a359
a359,a898
a898,a359
a364,a23
a23,a364
a385,a23
a23,a385
a385,a1309
a1309,a385
a385,a1984
a1984,a385
a385,a1020
a1020,a385
a425,a23
a23,a425
a425,a606
a606,a425
a425,a789
a789,a425
a425,a496
a496,a425
a426,a23
a23,a426
a433,a23
a23,a433
a433,a1554
a1554,a433
a433,a1398
a1398,a433
a463,a23
a23,a463
a463,a422
a422,a463
a473,a23
a23,a473
a557,a23
a23,a557
a557,a484
a484,a557
a557,a375
a375,a557
a573,a141
a141,a573
a575,a23
a23,a575
a583,a23
a23,a583
a583,a1304
a1304,a583
a725,a23
a23,a725
a725,a1919
a1919,a725
a776,a23
a23,a776
a935,a23
a23,a935
a1016,a23
a23,a1016
a1016,a675
a675,a1016
a1016,a436
a436,a1016
a1032,a23
a23,a1032
a1032,a1805
a1805,a1032
a1032,a733
a733,a1032
a1038,a23
a23,a1038
a1097,a23
a23,a1097
a1097,a1012
a1012,a1097
a1097,a259
a259,a1097
a1097,a1240
a1240,a1097
a1149,a23
a23,a1149
a1149,a350
a350,a1149
a1149,a250
a250,a1149
a1157,a23
a23,a1157
a1171,a23
a23,a1171
a1235,a23
a23,a1235
a1247,a23
a23,a1247
a1247,a81
a81,a1247
a1247,a1770
a1770,a1247
a1247,a1646
a1646,a1247
a1288,a23
a23,a1288
a1288,a1089
a1089,a1288
a1292,a23
a23,a1292
a1334,a23
a23,a1334
a1336,a23
a23,a1336
a1417,a23
a23,a1417
a1452,a23
a23,a1452
a1452,a771
a771,a1452
a1452,a603
a603,a1452
a1471,a23
a23,a1471
a1471,a1896
a1896,a1471
a1471,a1229
a1229,a1471
a1498,a23
a23,a1498
a1513,a23
a23,a1513
a1513,a1362
a1362,a1513
a1531,a23
a23,a1531
a1556,a23
a23,a1556
a1556,a1416
a1416,a1556
a1586,a23
a23,a1586
a1586,a669
a669,a1586
a1586,a1015
a1015,a1586
a1636,a23
a23,a1636
a1646,a23
a23,a1646
a1786,a1987
a1987,a1786
a1786,a1021
a1021,a1786
a1860,a23
a23,a1860
a1860,a1065
a1065,a1860
a1952,a23
a23,a1952
a1974,a23
a23,a1974
a1974,a590
a590,a1974
a33,a24
a24,a33
a79,a24
a24,a79
a118,a24
a24,a118
a118,a390
a390,a118
a859,a24
a24,a859
a1565,a24
a24,a1565
a1997,a24
a24,a1997
a44,a25
a25,a44
a61,a25
a25,a61
a61,a1769
a1769,a61
a104,a25
a25,a104
a120,a25
a25,a120
a176,a25
a25,a176
a176,a1283
a1283,a176
a176,a379
a379,a176
a456,a25
a25,a456
a456,a370
a370,a456
a555,a241
a241,a555
a1245,a25
a25,a1245
a1357,a25
a25,a1357
a1357,a1634
a1634,a1357
a1357,a479
a479,a1357
a1871,a25
a25,a1871
a271,a26
a26,a271
a1827,a26
a26,a1827
a1827,a291
a291,a1827
a58,a27
a27,a58
a58,a105
a105,a58
a76,a27
a27,a76
a1904,a27
a27,a1904
a131,a134
a134,a131
a131,a1124
a1124,a131
a194,a28
a28,a194
a194,a1688
a1688,a194
a213,a28
a28,a213
a213,a32
a32,a213
a213,a67
a67,a213
a247,a28
a28,a247
a247,a1408
a1408,a247
a247,a1164
a1164,a247
a276,a28
a28,a276
a320,a28
a28,a320
a320,a311
a311,a320
a325,a28
a28,a325
a325,a750
a750,a325
a325,a418
a418,a325
a325,a645
a645,a325
a443,a28
a28,a443
a443,a548
a548,a443
a667,a28
a28,a667
a690,a28
a28,a690
a690,a295
a295,a690
a690,a927
a927,a690
a714,a28
a28,a714
a714,a1973
a1973,a714
a714,a792
a792,a714
a824,a28
a28,a824
a824,a1440
a1440,a824
a830,a28
a28,a830
a830,a748
a748,a830
a830,a1018
a1018,a830
a850,a28
a28,a850
a850,a659
a659,a850
a996,a28
a28,a996
a996,a246
a246,a996
a1010,a28
a28,a1010
a1010,a614
a614,a1010
a1074,a1097
a1097,a1074
a1074,a1324
a1324,a1074
a1324,a28
a28,a1324
a1324,a23
a23,a1324
a1324,a1259
a1259,a1324
a1351,a28
a28,a1351
a1351,a1184
a1184,a1351
a1458,a28
a28,a1458
a1465,a28
a28,a1465
a1465,a1378
a1378,a1465
a1465,a1856
a1856,a1465
a273,a29
a29,a273
a741,a29
a29,a741
a741,a863
a863,a741
a195,a30
a30,a195
a195,a1108
a1108,a195
a617,a30
a30,a617
a617,a104
a104,a617
a870,a30
a30,a870
a870,a1007
a1007,a870
a870,a1096
a1096,a870
a1532,a30
a30,a1532
a1532,a331
a331,a1532
a1532,a1842
a1842,a1532
a1532,a1780
a1780,a1532
a1633,a30
a30,a1633
a1633,a1148
a1148,a1633
a1745,a30
a30,a1745
a65,a31
a31,a65
a65,a243
a243,a65
a65,a1590
a1590,a65
a65,a1151
a1151,a65
a329,a31
a31,a329
a329,a1285
a1285,a329
a438,a31
a31,a438
a452,a31
a31,a452
a452,a992
a992,a452
a634,a31
a31,a634
a634,a1314
a1314,a634
a770,a31
a31,a770
a829,a31
a31,a829
a829,a1924
a1924,a829
a869,a31
a31,a869
a869,a71
a71,a869
a869,a1969
a1969,a869
a1307,a31
a31,a1307
a1307,a983
a983,a1307
a1307,a315
a315,a1307
a1501,a31
a31,a1501
a1501,a1132
a1132,a1501
a1501,a508
a508,a1501
a1809,a31
a31,a1809
a1877,a31
a31,a1877
a1877,a1522
a1522,a1877
a162,a32
a32,a162
a402,a32
a32,a402
a1084,a32
a32,a1084
a1084,a31
a31,a1084
a1394,a32
a32,a1394
a1394,a1080
a1080,a1394
a1981,a32
a32,a1981
a45,a33
a33,a45
a114,a33
a33,a114
a351,a33
a33,a351
a424,a33
a33,a424
a424,a513
a513,a424
a543,a33
a33,a543
a543,a792
a792,a543
a543,a1403
a1403,a543
a543,a1913
a1913,a543
a1672,a33
a33,a1672
a99,a34
a34,a99
a99,a937
a937,a99
a243,a34
a34,a243
a1201,a34
a34,a1201
a1459,a34
a34,a1459
a1459,a1371
a1371,a1459
a1962,a34
a34,a1962
a46,a35
a35,a46
a46,a1519
a1519,a46
a528,a35
a35,a528
a528,a1972
a1972,a528
a722,a35
a35,a722
a722,a1962
a1962,a722
a722,a989
a989,a722
a142,a36
a36,a142
a142,a314
a314,a142
a142,a1695
a1695,a142
a192,a36
a36,a192
a192,a769
a769,a192
a192,a1840
a1840,a192
a346,a36
a36,a346
a346,a383
a383,a346
a603,a36
a36,a603
a603,a788
a788,a603
a605,a36
a36,a605
a658,a36
a36,a658
a658,a605
a605,a658
a658,a1638
a1638,a658
a1550,a36
a36,a1550
a1691,a36
a36,a1691
a59,a39
a39,a59
a155,a39
a39,a155
a172,a39
a39,a172
a172,a1595
a1595,a172
a400,a39
a39,a400
a502,a39
a39,a502
a502,a1306
a1306,a502
a502,a1628
a1628,a502
a615,a39
a39,a615
a678,a39
a39,a678
a678,a1880
a1880,a678
a702,a39
a39,a702
a702,a235
a235,a702
a846,a39
a39,a846
a846,a778
a778,a846
a941,a1110
a1110,a941
a1131,a39
a39,a1131
a1195,a39
a39,a1195
a1195,a1640
a1640,a1195
a1195,a94
a94,a1195
a1195,a1784
a1784,a1195
a1195,a271
a271,a1195
a1269,a39
a39,a1269
a1530,a39
a39,a1530
a1530,a1169
a1169,a1530
a1607,a39
a39,a1607
a1607,a1989
a1989,a1607
a1663,a39
a39,a1663
a1663,a1645
a1645,a1663
a1765,a39
a39,a1765
a1765,a857
a857,a1765
a1765,a232
a232,a1765
a1841,a39
a39,a1841
a1890,a39
a39,a1890
a70,a40
a40,a70
a326,a40
a40,a326
a326,a1172
a1172,a326
a436,a40
a40,a436
a459,a40
a40,a459
a538,a40
a40,a538
a565,a40
a40,a565
a565,a372
a372,a565
a565,a1300
a1300,a565
a1055,a40
a40,a1055
a1055,a557
a557,a1055
a1564,a40
a40,a1564
a1564,a1438
a1438,a1564
a1564,a1696
a1696,a1564
a1564,a1008
a1008,a1564
a430,a41
a41,a430
a430,a118
a118,a430
a430,a373
a373,a430
a430,a616
a616,a430
a657,a41
a41,a657
a735,a41
a41,a735
a735,a1505
a1505,a735
a735,a1226
a1226,a735
a738,a41
a41,a738
a865,a41
a41,a865
a865,a1770
a1770,a865
a865,a1066
a1066,a865
a880,a41
a41,a880
a998,a41
a41,a998
a998,a1302
a1302,a998
a1116,a41
a41,a1116
a1116,a1120
a1120,a1116
a1169,a41
a41,a1169
a1169,a993
a993,a1169
a1345,a41
a41,a1345
a1345,a209
a209,a1345
a1345,a1920
a1920,a1345
a1345,a1098
a1098,a1345
a1345,a201
a201,a1345
a1345,a1368
a1368,a1345
a49,a42
a42,a49
a49,a1775
a1775,a49
a234,a42
a42,a234
a234,a669
a669,a234
a234,a1221
a1221,a234
a234,a596
a596,a234
a344,a42
a42,a344
a344,a940
a940,a344
a387,a42
a42,a387
a387,a1090
a1090,a387
a387,a134
a134,a387
a510,a42
a42,a510
a510,a642
a642,a510
a526,a42
a42,a526
a526,a776
a776,a526
a526,a350
a350,a526
a630,a42
a42,a630
a630,a1947
a1947,a630
a630,a144
a144,a630
a777,a42
a42,a777
a921,a42
a42,a921
a1111,a42
a42,a1111
a1111,a1450
a1450,a1111
a1117,a42
a42,a1117
a1117,a1204
a1204,a1117
a1181,a42
a42,a1181
a1181,a910
a910,a1181
a1262,a42
a42,a1262
a1370,a42
a42,a1370
a1757,a42
a42,a1757
a1757,a1298
a1298,a1757
a1757,a253
a253,a1757
a218,a43
a43,a218
a218,a760
a760,a218
a946,a43
a43,a946
a946,a1031
a1031,a946
a1350,a43
a43,a1350
a1350,a272
a272,a1350
a1973,a43
a43,a1973
a1973,a33
a33,a1973
a1973,a1147
a1147,a1973
a1440,a44
a44,a1440
a51,a45
a45,a51
a154,a45
a45,a154
a154,a97
a97,a154
a191,a45
a45,a191
a191,a255
a255,a191
a191,a522
a522,a191
a252,a45
a45,a252
a252,a960
a960,a252
a281,a45
a45,a281
a281,a73
a73,a281
a486,a45
a45,a486
a606,a45
a45,a606
a806,a45
a45,a806
a806,a1704
a1704,a806
a1029,a45
a45,a1029
a1133,a45
a45,a1133
a1133,a1483
a1483,a1133
a1299,a45
a45,a1299
a1299,a492
a492,a1299
a1551,a45
a45,a1551
a1551,a1214
a1214,a1551
a1551,a415
a415,a1551
a1623,a45
a45,a1623
a1782,a45
a45,a1782
a1782,a674
a674,a1782
a1782,a1567
a1567,a1782
a67,a46
a46,a67
a73,a46
a46,a73
a73,a9
a9,a73
a73,a998
a998,a73
a102,a46
a46,a102
a662,a46
a46,a662
a1445,a46
a46,a1445
a1447,a46
a46,a1447
a1651,a46
a46,a1651
a96,a47
a47,a96
a261,a47
a47,a261
a261,a614
a614,a261
a461,a47
a47,a461
a1520,a47
a47,a1520
a55,a48
a48,a55
a55,a3
a3,a55
a268,a48
a48,a268
a268,a1046
a1046,a268
a363,a48
a48,a363
a363,a915
a915,a363
a363,a1524
a1524,a363
a427,a48
a48,a427
a427,a1947
a1947,a427
a646,a48
a48,a646
a646,a1930
a1930,a646
a646,a1982
a1982,a646
a966,a48
a48,a966
a966,a1380
a1380,a966
a1049,a48
a48,a1049
a1129,a48
a48,a1129
a1129,a1521
a1521,a1129
a1137,a48
a48,a1137
a1137,a1628
a1628,a1137
a1143,a48
a48,a1143
a1143,a622
a622,a1143
a1236,a48
a48,a1236
a1259,a48
a48,a1259
a1259,a95
a95,a1259
a1259,a367
a367,a1259
a1401,a48
a48,a1401
a1401,a778
a778,a1401
a1401,a1853
a1853,a1401
a1751,a48
a48,a1751
a1751,a1950
a1950,a1751
a1878,a48
a48,a1878
a1878,a863
a863,a1878
a77,a49
a49,a77
a77,a673
a673,a77
a77,a102
a102,a77
a796,a49
a49,a796
a796,a635
a635,a796
a796,a1669
a1669,a796
a1263,a49
a49,a1263
a1416,a49
a49,a1416
a1416,a1011
a1011,a1416
a599,a50
a50,a599
a599,a1173
a1173,a599
a71,a51
a51,a71
a71,a141
a141,a71
a71,a1868
a1868,a71
a86,a51
a51,a86
a86,a1522
a1522,a86
a495,a52
a52,a495
a495,a1101
a1101,a495
a495,a1282
a1282,a495
a495,a805
a805,a495
a1182,a52
a52,a1182
a262,a53
a53,a262
a379,a54
a54,a379
a379,a1139
a1139,a379
a379,a939
a939,a379
a504,a54
a54,a504
a504,a1540
a1540,a504
a504,a847
a847,a504
a534,a54
a54,a534
a1109,a54
a54,a1109
a1202,a54
a54,a1202
a1202,a233
a233,a1202
a1208,a54
a54,a1208
a1667,a54
a54,a1667
a422,a55
a55,a422
a791,a55
a55,a791
a1331,a55
a55,a1331
a62,a56
a56,a62
a62,a73
a73,a62
a95,a56
a56,a95
a95,a1124
a1124,a95
a169,a56
a56,a169
a169,a1775
a1775,a169
a169,a908
a908,a169
a267,a1625
a1625,a267
a292,a56
a56,a292
a1045,a56
a56,a1045
a1045,a1866
a1866,a1045
a1330,a56
a56,a1330
a1330,a274
a274,a1330
a1330,a696
a696,a1330
a1414,a56
a56,a1414
a1414,a1260
a1260,a1414
a1703,a56
a56,a1703
a1770,a56
a56,a1770
a1770,a1100
a1100,a1770
a1770,a1446
a1446,a1770
a1770,a600
a600,a1770
a83,a57
a57,a83
a100,a57
a57,a100
a1671,a57
a57,a1671
a1542,a59
a59,a1542
a1542,a1072
a1072,a1542
a554,a60
a60,a554
a554,a991
a991,a554
a554,a1205
a1205,a554
a1567,a60
a60,a1567
a1567,a628
a628,a1567
a94,a61
a61,a94
a94,a1751
a1751,a94
a94,a1869
a1869,a94
a94,a1391
a1391,a94
a126,a61
a61,a126
a190,a61
a61,a190
a190,a1818
a1818,a190
a210,a61
a61,a210
a885,a61
a61,a885
a885,a795
a795,a885
a903,a61
a61,a903
a915,a61
a61,a915
a915,a697
a697,a915
a915,a1993
a1993,a915
a915,a940
a940,a915
a977,a61
a61,a977
a977,a1067
a1067,a977
a977,a1344
a1344,a977
a977,a1699
a1699,a977
a69,a62
a62,a69
a132,a62
a62,a132
a132,a870
a870,a132
a132,a720
a720,a132
a661,a62
a62,a661
a661,a1759
a1759,a661
a1546,a62
a62,a1546
a1546,a1286
a1286,a1546
a1546,a1870
a1870,a1546
a1546,a314
a314,a1546
a1546,a937
a937,a1546
a1705,a62
a62,a1705
a1705,a1276
a1276,a1705
a1705,a476
a476,a1705
a1705,a1817
a1817,a1705
a214,a63
a63,a214
a214,a1159
a1159,a214
a347,a63
a63,a347
a483,a598
a598,a483
a586,a63
a63,a586
a586,a1569
a1569,a586
a728,a63
a63,a728
a728,a746
a746,a728
a728,a747
a747,a728
a768,a63
a63,a768
a768,a475
a475,a768
a805,a63
a63,a805
a940,a63
a63,a940
a1221,a63
a63,a1221
a1764,a63
a63,a1764
a1764,a1856
a1856,a1764
a1853,a63
a63,a1853
a499,a64
a64,a499
a499,a513
a513,a499
a1103,a64
a64,a1103
a1234,a65
a65,a1234
a569,a66
a66,a569
a569,a966
a966,a569
a1456,a66
a66,a1456
a616,a67
a67,a616
a616,a41
a41,a616
a616,a923
a923,a616
a1068,a67
a67,a1068
a1068,a731
a731,a1068
a1068,a902
a902,a1068
a1068,a1628
a1628,a1068
a140,a68
a68,a140
a156,a68
a68,a156
a228,a68
a68,a228
a228,a212
a212,a228
a297,a68
a68,a297
a297,a1392
a1392,a297
a297,a112
a112,a297
a373,a68
a68,a373
a373,a1028
a1028,a373
a524,a68
a68,a524
a686,a68
a68,a686
a686,a854
a854,a686
a748,a68
a68,a748
a748,a1553
a1553,a748
a800,a68
a68,a800
a800,a705
a705,a800
a922,a68
a68,a922
a922,a141
a141,a922
a1402,a68
a68,a1402
a1402,a431
a431,a1402
a1624,a68
a68,a1624
a1953,a68
a68,a1953
a1953,a815
a815,a1953
a93,a70
a70,a93
a93,a1591
a1591,a93
a175,a70
a70,a175
a175,a766
a766,a175
a625,a70
a70,a625
a786,a70
a70,a786
a861,a70
a70,a861
a861,a1139
a1139,a861
a861,a1847
a1847,a861
a1248,a70
a70,a1248
a1261,a70
a70,a1261
a1261,a936
a936,a1261
a226,a71
a71,a226
a226,a1259
a1259,a226
a248,a71
a71,a248
a248,a1832
a1832,a248
a659,a71
a71,a659
a1631,a71
a71,a1631
a1631,a1644
a1644,a1631
a1692,a71
a71,a1692
a1692,a724
a724,a1692
a1692,a1278
a1278,a1692
a1848,a71
a71,a1848
a1848,a296
a296,a1848
a1848,a950
a950,a1848
a1892,a71
a71,a1892
a128,a73
a73,a128
a431,a73
a73,a431
a431,a1678
a1678,a431
a1279,a73
a73,a1279
a1488,a73
a73,a1488
a1734,a73
a73,a1734
a1734,a234
a234,a1734
a111,a74
a74,a111
a111,a1625
a1625,a111
a207,a74
a74,a207
a207,a1880
a1880,a207
a720,a74
a74,a720
a720,a238
a238,a720
a720,a1922
a1922,a720
a720,a981
a981,a720
a932,a74
a74,a932
a932,a1466
a1466,a932
a932,a893
a893,a932
a1310,a74
a74,a1310
a1479,a74
a74,a1479
a1537,a74
a74,a1537
a1537,a212
a212,a1537
a1537,a1959
a1959,a1537
a1866,a75
a75,a1866
a1875,a75
a75,a1875
a656,a77
a77,a656
a656,a632
a632,a656
a656,a219
a219,a656
a98,a78
a78,a98
a98,a694
a694,a98
a101,a78
a78,a101
a101,a579
a579,a101
a127,a78
a78,a127
a127,a768
a768,a127
a127,a1979
a1979,a127
a127,a1766
a1766,a127
a130,a78
a78,a130
a188,a78
a78,a188
a380,a78
a78,a380
a380,a524
a524,a380
a380,a169
a169,a380
a639,a78
a78,a639
a839,a78
a78,a839
a839,a226
a226,a839
a839,a115
a115,a839
a916,a78
a78,a916
a1151,a78
a78,a1151
a1151,a32
a32,a1151
a1648,a78
a78,a1648
a1648,a1798
a1798,a1648
a1648,a1081
a1081,a1648
a1804,a78
a78,a1804
a1804,a1475
a1475,a1804
a168,a79
a79,a168
a168,a1939
a1939,a168
a168,a924
a924,a168
a168,a1079
a1079,a168
a197,a79
a79,a197
a489,a79
a79,a489
a1054,a79
a79,a1054
a1054,a1528
a1528,a1054
a1054,a766
a766,a1054
a1404,a79
a79,a1404
a1404,a1158
a1158,a1404
a1723,a79
a79,a1723
a1723,a667
a667,a1723
a1960,a79
a79,a1960
a1960,a342
a342,a1960
a92,a80
a80,a92
a92,a1573
a1573,a92
a286,a80
a80,a286
a286,a415
a415,a286
a286,a1418
a1418,a286
a878,a80
a80,a878
a878,a1752
a1752,a878
a1522,a80
a80,a1522
a1585,a80
a80,a1585
a1653,a80
a80,a1653
a1653,a1637
a1637,a1653
a1968,a80
a80,a1968
a1968,a1657
a1657,a1968
a1968,a1093
a1093,a1968
a106,a82
a82,a106
a1353,a82
a82,a1353
a1353,a1459
a1459,a1353
a1562,a82
a82,a1562
a1562,a1158
a1158,a1562
a1783,a82
a82,a1783
a1783,a1397
a1397,a1783
a217,a85
a85,a217
a217,a1489
a1489,a217
a290,a85
a85,a290
a290,a1483
a1483,a290
a290,a1422
a1422,a290
a290,a1819
a1819,a290
a290,a173
a173,a290
a435,a85
a85,a435
a435,a1859
a1859,a435
a1002,a85
a85,a1002
a1713,a85
a85,a1713
a1713,a687
a687,a1713
a1713,a348
a348,a1713
a1091,a86
a86,a1091
a1091,a446
a446,a1091
a1361,a86
a86,a1361
a1856,a86
a86,a1856
a1989,a86
a86,a1989
a157,a87
a87,a157
a157,a1033
a1033,a157
a263,a87
a87,a263
a263,a1643
a1643,a263
a263,a1173
a1173,a263
a299,a87
a87,a299
a498,a87
a87,a498
a498,a544
a544,a498
a530,a87
a87,a530
a530,a1089
a1089,a530
a742,a87
a87,a742
a917,a87
a87,a917
a1191,a87
a87,a1191
a1191,a1070
a1070,a1191
a1191,a1973
a1973,a1191
a1231,a87
a87,a1231
a1231,a1519
a1519,a1231
a1329,a87
a87,a1329
a1329,a1969
a1969,a1329
a1329,a1733
a1733,a1329
a1329,a345
a345,a1329
a1511,a87
a87,a1511
a1579,a87
a87,a1579
a1926,a87
a87,a1926
a1926,a596
a596,a1926
a1926,a1622
a1622,a1926
a181,a88
a88,a181
a181,a5
a5,a181
a209,a88
a88,a209
a475,a88
a88,a475
a1250,a88
a88,a1250
a1250,a1369
a1369,a1250
a1678,a88
a88,a1678
a1993,a88
a88,a1993
a1993,a608
a608,a1993
a117,a89
a89,a117
a149,a89
a89,a149
a149,a1009
a1009,a149
a174,a89
a89,a174
a174,a258
a258,a174
a198,a89
a89,a198
a198,a1847
a1847,a198
a278,a89
a89,a278
a278,a1340
a1340,a278
a278,a1970
a1970,a278
a278,a314
a314,a278
a552,a89
a89,a552
a552,a787
a787,a552
a552,a639
a639,a552
a848,a89
a89,a848
a848,a422
a422,a848
a893,a89
a89,a893
a357,a90
a90,a357
a407,a90
a90,a407
a407,a1458
a1458,a407
a407,a1670
a1670,a407
a614,a90
a90,a614
a1650,a90
a90,a1650
a1650,a1549
a1549,a1650
a1650,a749
a749,a1650
a105,a91
a91,a105
a187,a91
a91,a187
a405,a91
a91,a405
a405,a711
a711,a405
a561,a91
a91,a561
a1583,a91
a91,a1583
a1583,a955
a955,a1583
a319,a92
a92,a319
a319,a1320
a1320,a319
a598,a92
a92,a598
a598,a1982
a1982,a598
a598,a1383
a1383,a598
a610,a92
a92,a610
a610,a506
a506,a610
a610,a1577
a1577,a610
a1431,a92
a92,a1431
a1759,a92
a92,a1759
a1759,a1357
a1357,a1759
a1844,a92
a92,a1844
a1844,a163
a163,a1844
a1859,a92
a92,a1859
a1859,a1500
a1500,a1859
a322,a93
a93,a322
a322,a1060
a1060,a322
a322,a1561
a1561,a322
a322,a840
a840,a322
a324,a93
a93,a324
a324,a1973
a1973,a324
a1397,a93
a93,a1397
a1397,a951
a951,a1397
a1397,a1199
a1199,a1397
a1704,a93
a93,a1704
a429,a94
a94,a429
a545,a94
a94,a545
a545,a994
a994,a545
a672,a94
a94,a672
a138,a95
a95,a138
a138,a1156
a1156,a138
a138,a1551
a1551,a138
a138,a1456
a1456,a138
a275,a95
a95,a275
a275,a1846
a1846,a275
a511,a96
a96,a511
a1698,a96
a96,a1698
a1698,a1382
a1382,a1698
a161,a97
a97,a161
a161,a1779
a1779,a161
a161,a1909
a1909,a161
a161,a1921
a1921,a161
a309,a97
a97,a309
a843,a97
a97,a843
a866,a97
a97,a866
a1381,a97
a97,a1381
a1381,a381
a381,a1381
a1862,a97
a97,a1862
a1862,a1411
a1411,a1862
a798,a98
a98,a798
a798,a1516
a1516,a798
a488,a100
a100,a488
a488,a1159
a1159,a488
a369,a101
a101,a369
a369,a580
a580,a369
a369,a1887
a1887,a369
a404,a101
a101,a404
a404,a1390
a1390,a404
a404,a1641
a1641,a404
a421,a101
a101,a421
a434,a101
a101,a434
a501,a101
a101,a501
a501,a675
a675,a501
a501,a1180
a1180,a501
a501,a875
a875,a501
a509,a101
a101,a509
a629,a101
a101,a629
a644,a101
a101,a644
a647,a101
a101,a647
a1150,a101
a101,a1150
a1150,a1612
a1612,a1150
a1150,a1924
a1924,a1150
a1240,a101
a101,a1240
a1240,a1168
a1168,a1240
a1240,a120
a120,a1240
a1527,a101
a101,a1527
a1533,a101
a101,a1533
a1533,a402
a402,a1533
a1679,a101
a101,a1679
a1679,a1360
a1360,a1679
a1766,a101
a101,a1766
a1781,a101
a101,a1781
a1781,a1670
a1670,a1781
a1127,a103
a103,a1127
a1403,a103
a103,a1403
a1403,a1928
a1928,a1403
a1403,a588
a588,a1403
a718,a104
a104,a718
a1190,a104
a104,a1190
a1190,a288
a288,a1190
a1190,a1528
a1528,a1190
a260,a105
a105,a260
a260,a970
a970,a260
a468,a105
a105,a468
a468,a1283
a1283,a468
a468,a1980
a1980,a468
a626,a105
a105,a626
a1911,a105
a105,a1911
a1911,a1733
a1733,a1911
a185,a106
a106,a185
a266,a106
a106,a266
a266,a1019
a1019,a266
a797,a106
a106,a797
a797,a741
a741,a797
a186,a107
a107,a186
a186,a839
a839,a186
a257,a107
a107,a257
a398,a107
a107,a398
a1619,a107
a107,a1619
a1619,a696
a696,a1619
a1619,a1883
a1883,a1619
a1619,a206
a206,a1619
a1619,a623
a623,a1619
a277,a108
a108,a277
a277,a474
a474,a277
a392,a108
a108,a392
a396,a108
a108,a396
a396,a1548
a1548,a396
a396,a1412
a1412,a396
a864,a109
a109,a864
a116,a111
a111,a116
a116,a1328
a1328,a116
a1388,a111
a111,a1388
a1821,a111
a111,a1821
a1821,a1054
a1054,a1821
a1821,a1552
a1552,a1821
a596,a112
a112,a596
a1499,a112
a112,a1499
a1499,a1306
a1306,a1499
a133,a114
a114,a133
a133,a287
a287,a133
a809,a114
a114,a809
a809,a1009
a1009,a809
a809,a474
a474,a809
a330,a115
a115,a330
a389,a115
a115,a389
a911,a115
a115,a911
a1714,a116
a116,a1714
a1714,a842
a842,a1714
a1714,a76
a76,a1714
a578,a117
a117,a578
a578,a45
a45,a578
a578,a380
a380,a578
a836,a117
a117,a836
a836,a519
a519,a836
a1408,a117
a117,a1408
a121,a118
a118,a121
a121,a1065
a1065,a121
a224,a118
a118,a224
a224,a1589
a1589,a224
a225,a118
a118,a225
a225,a360
a360,a225
a225,a185
a185,a225
a225,a1693
a1693,a225
a293,a118
a118,a293
a293,a583
a583,a293
a304,a118
a118,a304
a416,a118
a118,a416
a416,a1405
a1405,a416
a457,a118
a118,a457
a482,a118
a118,a482
a553,a118
a118,a553
a553,a1913
a1913,a553
a685,a118
a118,a685
a685,a1940
a1940,a685
a795,a118
a118,a795
a795,a1356
a1356,a795
a795,a342
a342,a795
a795,a1676
a1676,a795
a804,a118
a118,a804
a804,a1892
a1892,a804
a831,a118
a118,a831
a831,a978
a978,a831
a891,a118
a118,a891
a891,a482
a482,a891
a902,a118
a118,a902
a902,a350
a350,a902
a902,a99
a99,a902
a902,a314
a314,a902
a1512,a118
a118,a1512
a1563,a118
a118,a1563
a1563,a1446
a1446,a1563
a1788,a118
a118,a1788
a1943,a118
a118,a1943
a1943,a1011
a1011,a1943
a1400,a119
a119,a1400
a1400,a404
a404,a1400
a884,a122
a122,a884
a884,a294
a294,a884
a1988,a123
a123,a1988
a242,a124
a124,a242
a242,a272
a272,a242
a408,a124
a124,a408
a408,a1823
a1823,a408
a145,a126
a126,a145
a150,a126
a126,a150
a150,a920
a920,a150
a179,a126
a126,a179
a179,a1474
a1474,a179
a180,a126
a126,a180
a180,a186
a186,a180
a180,a1468
a1468,a180
a180,a1470
a1470,a180
a180,a1248
a1248,a180
a180,a1595
a1595,a180
a189,a126
a126,a189
a201,a126
a126,a201
a201,a57
a57,a201
a201,a418
a418,a201
a205,a126
a126,a205
a205,a312
a312,a205
a272,a126
a126,a272
a272,a1363
a1363,a272
a665,a126
a126,a665
a665,a1732
a1732,a665
a665,a833
a833,a665
a665,a1114
a1114,a665
a683,a126
a126,a683
a683,a1878
a1878,a683
a683,a843
a843,a683
a912,a126
a126,a912
a912,a1688
a1688,a912
a1048,a126
a126,a1048
a1048,a732
a732,a1048
a1164,a126
a126,a1164
a1164,a594
a594,a1164
a1164,a152
a152,a1164
a1164,a1378
a1378,a1164
a1164,a888
a888,a1164
a1164,a928
a928,a1164
a1668,a126
a126,a1668
a1668,a67
a67,a1668
a1816,a126
a126,a1816
a1964,a126
a126,a1964
a1964,a584
a584,a1964
a1966,a126
a126,a1966
a1966,a1622
a1622,a1966
a1966,a1929
a1929,a1966
a147,a127
a127,a147
a147,a1320
a1320,a147
a177,a127
a127,a177
a177,a955
a955,a177
a231,a127
a127,a231
a231,a509
a509,a231
a231,a1401
a1401,a231
a781,a127
a127,a781
a818,a127
a127,a818
a1793,a127
a127,a1793
a211,a129
a129,a211
a211,a1274
a1274,a211
a328,a129
a129,a328
a328,a1044
a1044,a328
a747,a129
a129,a747
a747,a1826
a1826,a747
a747,a545
a545,a747
a1089,a129
a129,a1089
a1185,a129
a129,a1185
a1185,a922
a922,a1185
a1359,a129
a129,a1359
a1359,a1931
a1931,a1359
a1900,a129
a129,a1900
a1900,a1998
a1998,a1900
a1963,a129
a129,a1963
a1963,a1887
a1887,a1963
a1963,a1387
a1387,a1963
a1577,a130
a130,a1577
a1577,a744
a744,a1577
a1577,a1301
a1301,a1577
a144,a131
a131,a144
a144,a118
a118,a144
a144,a1956
a1956,a144
a144,a1513
a1513,a144
a233,a131
a131,a233
a649,a131
a131,a649
a649,a1756
a1756,a649
a649,a1241
a1241,a649
a294,a132
a132,a294
a294,a1591
a1591,a294
a394,a132
a132,a394
a470,a132
a132,a470
a470,a1408
a1408,a470
a1268,a132
a132,a1268
a1268,a56
a56,a1268
a1268,a968
a968,a1268
a1494,a132
a132,a1494
a1494,a624
a624,a1494
a1893,a132
a132,a1893
a246,a134
a134,a246
a246,a725
a725,a246
a944,a134
a134,a944
a1387,a134
a134,a1387
a1387,a1591
a1591,a1387
a1387,a448
a448,a1387
a1387,a1139
a1139,a1387
a1728,a134
a134,a1728
a308,a135
a135,a308
a491,a135
a135,a491
a491,a1593
a1593,a491
a491,a1840
a1840,a491
a1658,a135
a135,a1658
a1658,a1604
a1604,a1658
a171,a137
a137,a171
a171,a147
a147,a171
a265,a137
a137,a265
a390,a137
a137,a390
a390,a1979
a1979,a390
a390,a1883
a1883,a390
a536,a137
a137,a536
a536,a924
a924,a536
a536,a285
a285,a536
a536,a368
a368,a536
a1222,a137
a137,a1222
a254,a138
a138,a254
a254,a703
a703,a254
a241,a139
a139,a241
a1189,a139
a139,a1189
a1189,a1167
a1167,a1189
a173,a141
a141,a173
a301,a141
a141,a301
a301,a1176
a1176,a301
a799,a142
a142,a799
a799,a368
a368,a799
a1808,a142
a142,a1808
a1808,a791
a791,a1808
a403,a147
a147,a403
a403,a572
a572,a403
a403,a980
a980,a403
a1568,a149
a149,a1568
a1568,a728
a728,a1568
a763,a150
a150,a763
a837,a150
a150,a837
a295,a151
a151,a295
a295,a37
a37,a295
a295,a708
a708,a295
a444,a151
a151,a444
a1794,a151
a151,a1794
a1794,a1322
a1322,a1794
a863,a154
a154,a863
a1846,a154
a154,a1846
a1846,a932
a932,a1846
a170,a157
a157,a170
a397,a229
a229,a397
a397,a1587
a1587,a397
a1039,a157
a157,a1039
a1039,a295
a295,a1039
a1160,a157
a157,a1160
a1540,a157
a157,a1540
a1560,a157
a157,a1560
a1560,a182
a182,a1560
a650,a158
a158,a650
a937,a158
a158,a937
a258,a160
a160,a258
a581,a160
a160,a581
a759,a160
a160,a759
a759,a1270
a1270,a759
a759,a1392
a1392,a759
a898,a160
a160,a898
a898,a1629
a1629,a898
a1519,a160
a160,a1519
a1519,a1931
a1931,a1519
a1914,a160
a160,a1914
a453,a161
a161,a453
a621,a161
a161,a621
a621,a735
a735,a621
a697,a161
a161,a697
a697,a84
a84,a697
a955,a161
a161,a955
a955,a1879
a1879,a955
a978,a161
a161,a978
a978,a881
a881,a978
a1065,a161
a161,a1065
a1065,a676
a676,a1065
a1065,a80
a80,a1065
a1134,a161
a161,a1134
a1134,a914
a914,a1134
a1145,a161
a161,a1145
a1145,a1624
a1624,a1145
a1186,a161
a161,a1186
a1186,a1492
a1492,a1186
a1237,a161
a161,a1237
a1237,a16
a16,a1237
a1346,a161
a161,a1346
a1346,a1837
a1837,a1346
a1392,a161
a161,a1392
a1478,a161
a161,a1478
a1478,a1854
a1854,a1478
a1478,a364
a364,a1478
a1478,a444
a444,a1478
a1699,a161
a161,a1699
a1699,a1836
a1836,a1699
a1699,a554
a554,a1699
a1928,a161
a161,a1928
a370,a162
a162,a370
a370,a1442
a1442,a370
a284,a163
a163,a284
a284,a1772
a1772,a284
a733,a164
a164,a733
a733,a587
a587,a733
a1019,a165
a165,a1019
a1019,a707
a707,a1019
a1258,a165
a165,a1258
a1258,a400
a400,a1258
a1258,a84
a84,a1258
a1258,a1114
a1114,a1258
a1409,a165
a165,a1409
a1409,a334
a334,a1409
a367,a168
a168,a367
a367,a1707
a1707,a367
a367,a1920
a1920,a367
a465,a168
a168,a465
a465,a154
a154,a465
a465,a766
a766,a465
a523,a168
a168,a523
a613,a168
a168,a613
a613,a740
a740,a613
a613,a859
a859,a613
a613,a585
a585,a613
a679,a168
a168,a679
a812,a168
a168,a812
a812,a362
a362,a812
a1485,a168
a168,a1485
a1485,a725
a725,a1485
a376,a171
a171,a376
a507,a171
a171,a507
a507,a1550
a1550,a507
a223,a172
a172,a223
a223,a1552
a1552,a223
a851,a172
a172,a851
a1004,a172
a172,a1004
a1004,a1733
a1733,a1004
a423,a173
a173,a423
a736,a173
a173,a736
a736,a1928
a1928,a736
a736,a836
a836,a736
a736,a1880
a1880,a736
a236,a174
a174,a236
a551,a174
a174,a551
a551,a446
a446,a551
a551,a1811
a1811,a551
a1072,a174
a174,a1072
a1072,a608
a608,a1072
a1072,a413
a413,a1072
a1072,a925
a925,a1072
a1115,a174
a174,a1115
a229,a176
a176,a229
a229,a718
a718,a229
a641,a176
a176,a641
a1228,a177
a177,a1228
a1228,a543
a543,a1228
a1228,a1874
a1874,a1228
a230,a178
a178,a230
a230,a1192
a1192,a230
a230,a1120
a1120,a230
a230,a566
a566,a230
a230,a1637
a1637,a230
a971,a178
a178,a971
a971,a724
a724,a971
a1028,a178
a178,a1028
a1028,a193
a193,a1028
a749,a181
a181,a749
a749,a35
a35,a749
a907,a181
a181,a907
a907,a652
a652,a907
a907,a1151
a1151,a907
a907,a683
a683,a907
a907,a1044
a1044,a907
a250,a182
a182,a250
a250,a281
a281,a250
a250,a1367
a1367,a250
a764,a182
a182,a764
a764,a1664
a1664,a764
a942,a182
a182,a942
a1675,a182
a182,a1675
a1675,a411
a411,a1675
a1675,a629
a629,a1675
a383,a183
a183,a383
a628,a183
a183,a628
a628,a1218
a1218,a628
a628,a914
a914,a628
a675,a183
a183,a675
a1175,a184
a184,a1175
a1175,a1471
a1471,a1175
a1681,a184
a184,a1681
a1681,a1775
a1775,a1681
a1681,a931
a931,a1681
a245,a185
a185,a245
a245,a1630
a1630,a245
a270,a185
a185,a270
a270,a791
a791,a270
a1558,a185
a185,a1558
a1021,a187
a187,a1021
a698,a188
a188,a698
a698,a1672
a1672,a698
a698,a324
a324,a698
a698,a379
a379,a698
a698,a671
a671,a698
a255,a451
a451,a255
a419,a192
a192,a419
a1076,a193
a193,a1076
a1076,a359
a359,a1076
a1076,a1233
a1233,a1076
a1076,a881
a881,a1076
a1368,a193
a193,a1368
a943,a194
a194,a943
a943,a1607
a1607,a943
a943,a1056
a1056,a943
a1146,a194
a194,a1146
a1472,a194
a194,a1472
a1472,a1933
a1933,a1472
a609,a196
a196,a609
a609,a668
a668,a609
a638,a196
a196,a638
a1589,a196
a196,a1589
a1589,a775
a775,a1589
a342,a1103
a1103,a342
a532,a197
a197,a532
a532,a1218
a1218,a532
a1664,a197
a197,a1664
a1910,a197
a197,a1910
a239,a198
a198,a239
a239,a490
a490,a239
a280,a198
a198,a280
a787,a198
a198,a787
a787,a17
a17,a787
a1102,a198
a198,a1102
a1102,a1239
a1239,a1102
a1545,a198
a198,a1545
a1545,a342
a342,a1545
a208,a201
a201,a208
a264,a201
a201,a264
a274,a201
a201,a274
a274,a585
a585,a274
a409,a201
a201,a409
a476,a201
a201,a476
a537,a201
a201,a537
a568,a201
a201,a568
a608,a201
a201,a608
a721,a201
a201,a721
a721,a449
a449,a721
a862,a201
a201,a862
a862,a516
a516,a862
a985,a201
a201,a985
a985,a1022
a1022,a985
a1338,a201
a201,a1338
a1905,a201
a201,a1905
a1905,a1084
a1084,a1905
a1935,a201
a201,a1935
a1935,a847
a847,a1935
a1954,a201
a201,a1954
a1954,a1125
a1125,a1954
a1954,a686
a686,a1954
a440,a202
a202,a440
a1464,a202
a202,a1464
a216,a204
a204,a216
a334,a204
a204,a334
a334,a1889
a1889,a334
a352,a204
a204,a352
a352,a1910
a1910,a352
a521,a204
a204,a521
a521,a930
a930,a521
a521,a1460
a1460,a521
a592,a168
a168,a592
a834,a204
a204,a834
a834,a1642
a1642,a834
a834,a1484
a1484,a834
a841,a204
a204,a841
a841,a1781
a1781,a841
a1504,a204
a204,a1504
a414,a205
a205,a414
a414,a1998
a1998,a414
a1272,a205
a205,a1272
a1272,a1665
a1665,a1272
a1272,a963
a963,a1272
a1451,a209
a209,a1451
a1451,a583
a583,a1451
a1451,a582
a582,a1451
a1451,a577
a577,a1451
a571,a210
a210,a571
a571,a337
a337,a571
a1470,a210
a210,a1470
a1470,a932
a932,a1470
a1592,a210
a210,a1592
a1592,a84
a84,a1592
a1592,a901
a901,a1592
a1592,a929
a929,a1592
a235,a211
a211,a235
a259,a211
a211,a259
a259,a1835
a1835,a259
a259,a1007
a1007,a259
a291,a211
a211,a291
a291,a828
a828,a291
a353,a211
a211,a353
a353,a1321
a1321,a353
a774,a211
a211,a774
a774,a335
a335,a774
a774,a603
a603,a774
a924,a211
a211,a924
a484,a212
a212,a484
a484,a1468
a1468,a484
a484,a1864
a1864,a484
a484,a1655
a1655,a484
a1035,a212
a212,a1035
a1035,a1715
a1715,a1035
a1035,a908
a908,a1035
a1035,a877
a877,a1035
a1139,a212
a212,a1139
a1139,a1330
a1330,a1139
a845,a213
a213,a845
a845,a1115
a1115,a845
a845,a1357
a1357,a845
a938,a215
a215,a938
a1643,a215
a215,a1643
a1643,a959
a959,a1643
a300,a217
a217,a300
a300,a1144
a1144,a300
a669,a217
a217,a669
a889,a217
a217,a889
a889,a459
a459,a889
a889,a1702
a1702,a889
a1176,a217
a217,a1176
a1758,a217
a217,a1758
a1998,a217
a217,a1998
a1998,a1430
a1430,a1998
a1998,a1874
a1874,a1998
a479,a218
a218,a479
a479,a1040
a1040,a479
a1239,a218
a218,a1239
a1969,a218
a218,a1969
a467,a220
a220,a467
a467,a1584
a1584,a467
a467,a908
a908,a467
a1266,a220
a220,a1266
a1266,a1901
a1901,a1266
a1834,a223
a223,a1834
a1834,a20
a20,a1834
a1834,a1065
a1065,a1834
a1983,a223
a223,a1983
a1983,a1345
a1345,a1983
a503,a224
a224,a503
a503,a912
a912,a503
a503,a360
a360,a503
a600,a224
a224,a600
a600,a1090
a1090,a600
a600,a823
a823,a600
a1205,a224
a224,a1205
a1314,a224
a224,a1314
a1314,a1413
a1413,a1314
a361,a225
a225,a361
a361,a1241
a1241,a361
a481,a225
a225,a481
a481,a886
a886,a481
a492,a225
a225,a492
a492,a1914
a1914,a492
a496,a225
a225,a496
a514,a225
a225,a514
a792,a225
a225,a792
a792,a39
a39,a792
a792,a681
a681,a792
a833,a225
a225,a833
a833,a809
a809,a833
a833,a1419
a1419,a833
a833,a759
a759,a833
a954,a225
a225,a954
a283,a226
a226,a283
a283,a816
a816,a283
a867,a226
a226,a867
a867,a1219
a1219,a867
a867,a166
a166,a867
a867,a1097
a1097,a867
a867,a313
a313,a867
a920,a226
a226,a920
a920,a1152
a1152,a920
a1069,a226
a226,a1069
a1069,a1717
a1717,a1069
a1256,a226
a226,a1256
a1256,a427
a427,a1256
a1432,a226
a226,a1432
a1776,a226
a226,a1776
a282,a228
a228,a282
a445,a228
a228,a445
a445,a1177
a1177,a445
a445,a1751
a1751,a445
a445,a754
a754,a445
a1739,a228
a228,a1739
a1739,a964
a964,a1739
a876,a229
a229,a876
a572,a233
a233,a572
a572,a835
a835,a572
a766,a233
a233,a766
a972,a233
a233,a972
a972,a1639
a1639,a972
a972,a3
a3,a972
a972,a942
a942,a972
a1343,a233
a233,a1343
a1343,a982
a982,a1343
a1618,a233
a233,a1618
a517,a235
a235,a517
a517,a1241
a1241,a517
a919,a235
a235,a919
a919,a1046
a1046,a919
a960,a235
a235,a960
a960,a1218
a1218,a960
a970,a235
a235,a970
a970,a906
a906,a970
a1050,a235
a235,a1050
a1023,a236
a236,a1023
a1023,a516
a516,a1023
a1196,a236
a236,a1196
a684,a237
a237,a684
a684,a498
a498,a684
a684,a623
a623,a684
a909,a237
a237,a909
a909,a988
a988,a909
a1729,a237
a237,a1729
a1990,a238
a238,a1990
a1990,a480
a480,a1990
a1990,a937
a937,a1990
a1064,a239
a239,a1064
a1064,a225
a225,a1064
a1304,a239
a239,a1304
a1656,a239
a239,a1656
a1656,a1087
a1087,a1656
a1466,a240
a240,a1466
a1466,a1927
a1927,a1466
a411,a243
a243,a411
a411,a1652
a1652,a411
a411,a1812
a1812,a411
a420,a243
a243,a420
a589,a243
a243,a589
a360,a244
a244,a360
a360,a787
a787,a360
a360,a517
a517,a360
a360,a781
a781,a360
a287,a246
a246,a287
a458,a246
a246,a458
a458,a1049
a1049,a458
a1662,a246
a246,a1662
a1662,a1854
a1854,a1662
a1020,a248
a248,a1020
a1020,a1743
a1743,a1020
a1020,a892
a892,a1020
a1814,a248
a248,a1814
a1814,a461
a461,a1814
a381,a249
a249,a381
a381,a1102
a1102,a381
a1474,a249
a249,a1474
a375,a250
a250,a375
a406,a789
a789,a406
a778,a250
a250,a778
a778,a1552
a1552,a778
a754,a252
a252,a754
a754,a1659
a1659,a754
a1399,a252
a252,a1399
a1832,a252
a252,a1832
a302,a255
a255,a302
a928,a255
a255,a928
a989,a255
a255,a989
a989,a1228
a1228,a989
a1682,a255
a255,a1682
a1682,a1550
a1550,a1682
a343,a256
a256,a343
a343,a618
a618,a343
a820,a257
a257,a820
a820,a983
a983,a820
a1317,a257
a257,a1317
a305,a258
a258,a305
a313,a258
a258,a313
a366,a259
a259,a366
a366,a567
a567,a366
a366,a476
a476,a366
a395,a259
a259,a395
a395,a541
a541,a395
a472,a259
a259,a472
a653,a259
a259,a653
a653,a359
a359,a653
a775,a259
a259,a775
a775,a1456
a1456,a775
a775,a681
a681,a775
a1056,a259
a259,a1056
a1056,a1989
a1989,a1056
a1056,a1498
a1498,a1056
a1135,a259
a259,a1135
a1135,a1718
a1718,a1135
a1172,a259
a259,a1172
a1172,a1164
a1164,a1172
a1347,a259
a259,a1347
a1566,a259
a259,a1566
a1612,a259
a259,a1612
a1722,a259
a259,a1722
a1722,a1503
a1503,a1722
a1755,a259
a259,a1755
a1755,a1082
a1082,a1755
a1755,a398
a398,a1755
a1801,a259
a259,a1801
a1801,a1307
a1307,a1801
a1801,a601
a601,a1801
a1813,a259
a259,a1813
a1813,a1174
a1174,a1813
a1813,a1067
a1067,a1813
a1813,a514
a514,a1813
a393,a260
a260,a393
a393,a134
a134,a393
a1867,a261
a261,a1867
a1867,a1422
a1422,a1867
a1867,a1218
a1218,a1867
a348,a262
a262,a348
a563,a262
a262,a563
a810,a262
a262,a810
a810,a791
a791,a810
a992,a262
a262,a992
a992,a1888
a1888,a992
a999,a262
a262,a999
a1013,a262
a262,a1013
a1013,a1489
a1489,a1013
a1961,a262
a262,a1961
a1961,a720
a720,a1961
a307,a263
a263,a307
a307,a365
a365,a307
a333,a263
a263,a333
a333,a1256
a1256,a333
a333,a120
a120,a333
a378,a263
a263,a378
a378,a1917
a1917,a378
a548,a263
a263,a548
a548,a1970
a1970,a548
a1085,a263
a263,a1085
a432,a264
a264,a432
a1946,a264
a264,a1946
a1991,a265
a265,a1991
a1991,a587
a587,a1991
a478,a266
a266,a478
a478,a793
a793,a478
a1538,a266
a266,a1538
a1538,a1964
a1964,a1538
a1538,a1264
a1264,a1538
a477,a267
a267,a477
a477,a1434
a1434,a477
a731,a267
a267,a731
a731,a919
a919,a731
a840,a267
a267,a840
a956,a267
a267,a956
a1040,a267
a267,a1040
a1040,a1514
a1514,a1040
a1040,a207
a207,a1040
a1761,a267
a267,a1761
a1761,a740
a740,a1761
a365,a269
a269,a365
a654,a269
a269,a654
a654,a509
a509,a654
a1348,a916
a916,a1348
a1726,a273
a273,a1726
a1881,a273
a273,a1881
a1881,a1846
a1846,a1881
a1881,a638
a638,a1881
a1000,a277
a277,a1000
a1000,a1670
a1670,a1000
a1000,a1553
a1553,a1000
a1000,a1231
a1231,a1000
a1418,a278
a278,a1418
a1418,a781
a781,a1418
a1746,a278
a278,a1746
a1746,a325
a325,a1746
a469,a280
a280,a469
a469,a1351
a1351,a469
a918,a280
a280,a918
a918,a225
a225,a918
a1071,a280
a280,a1071
a1429,a280
a280,a1429
a1429,a818
a818,a1429
a842,a281
a281,a842
a842,a512
a512,a842
a842,a726
a726,a842
a354,a282
a282,a354
a354,a1781
a1781,a354
a562,a282
a282,a562
a562,a42
a42,a562
a877,a282
a282,a877
a877,a722
a722,a877
a877,a1801
a1801,a877
a877,a467
a467,a877
a1725,a282
a282,a1725
a418,a284
a284,a418
a418,a1342
a1342,a418
a611,a284
a284,a611
a611,a1586
a1586,a611
a611,a689
a689,a611
a1828,a284
a284,a1828
a1828,a416
a416,a1828
a1919,a284
a284,a1919
a1919,a1403
a1403,a1919
a318,a286
a286,a318
a318,a561
a561,a318
a1082,a286
a286,a1082
a1082,a1206
a1206,a1082
a1212,a286
a286,a1212
a1212,a924
a924,a1212
a339,a287
a287,a339
a1320,a287
a287,a1320
a401,a288
a288,a401
a401,a1558
a1558,a401
a401,a751
a751,a401
a401,a757
a757,a401
a984,a288
a288,a984
a1099,a288
a288,a1099
a1174,a288
a288,a1174
a1174,a357
a357,a1174
a1174,a1399
a1399,a1174
a1615,a288
a288,a1615
a1615,a1506
a1506,a1615
a1683,a288
a288,a1683
a1683,a1670
a1670,a1683
a1683,a182
a182,a1683
a752,a289
a289,a752
a752,a787
a787,a752
a752,a903
a903,a752
a752,a639
a639,a752
a1267,a289
a289,a1267
a1267,a1427
a1427,a1267
a1267,a176
a176,a1267
a1286,a930
a930,a1286
a1604,a289
a289,a1604
a306,a292
a292,a306
a306,a811
a811,a306
a362,a292
a292,a362
a362,a1936
a1936,a362
a362,a420
a420,a362
a687,a292
a292,a687
a687,a236
a236,a687
a1125,a292
a292,a1125
a1125,a1398
a1398,a1125
a1125,a1863
a1863,a1125
a1170,a292
a292,a1170
a1521,a1688
a1688,a1521
a1101,a295
a295,a1101
a819,a298
a298,a819
a819,a785
a785,a819
a1018,a299
a299,a1018
a1018,a870
a870,a1018
a1018,a1908
a1908,a1018
a1156,a300
a300,a1156
a1156,a55
a55,a1156
a1515,a301
a301,a1515
a1779,a301
a301,a1779
a314,a302
a302,a314
a413,a302
a302,a413
a413,a821
a821,a413
a439,a302
a302,a439
a439,a1366
a1366,a439
a439,a134
a134,a439
a700,a302
a302,a700
a700,a1686
a1686,a700
a788,a302
a302,a788
a844,a302
a302,a844
a853,a302
a302,a853
a853,a729
a729,a853
a853,a1895
a1895,a853
a959,a302
a302,a959
a959,a239
a239,a959
a1333,a302
a302,a1333
a1389,a302
a302,a1389
a1389,a1665
a1665,a1389
a1727,a302
a302,a1727
a1727,a1823
a1823,a1727
a1768,a1381
a1381,a1768
a1768,a1829
a1829,a1768
a1972,a1002
a1002,a1972
a1972,a941
a941,a1972
a1972,a1124
a1124,a1972
a633,a303
a303,a633
a576,a304
a304,a576
a576,a1933
a1933,a576
a315,a305
a305,a315
a527,a306
a306,a527
a1107,a306
a306,a1107
a1107,a1276
a1276,a1107
a1180,a306
a306,a1180
a1396,a306
a306,a1396
a1396,a1022
a1022,a1396
a1680,a306
a306,a1680
a1680,a283
a283,a1680
a1762,a306
a306,a1762
a1762,a388
a388,a1762
a541,a307
a307,a541
a541,a336
a336,a541
a541,a682
a682,a541
a757,a307
a307,a757
a769,a307
a307,a769
a769,a405
a405,a769
a769,a29
a29,a769
a1529,a307
a307,a1529
a1529,a283
a283,a1529
a388,a308
a308,a388
a1508,a308
a308,a1508
a1508,a1638
a1638,a1508
a1508,a374
a374,a1508
a540,a309
a309,a540
a540,a1039
a1039,a540
a415,a312
a312,a415
a415,a1738
a1738,a415
a415,a1893
a1893,a415
a1639,a312
a312,a1639
a1639,a982
a982,a1639
a410,a313
a313,a410
a323,a1808
a1808,a323
a345,a314
a314,a345
a345,a1941
a1941,a345
a1217,a314
a314,a1217
a1217,a581
a581,a1217
a708,a315
a315,a708
a317,a316
a316,a317
a317,a930
a930,a317
a356,a316
a316,a356
a356,a1096
a1096,a356
a881,a316
a316,a881
a881,a933
a933,a881
a881,a918
a918,a881
a905,a316
a316,a905
a1802,a316
a316,a1802
a694,a317
a317,a694
a694,a875
a875,a694
a694,a1692
a1692,a694
a694,a758
a758,a694
a822,a317
a317,a822
a822,a1015
a1015,a822
a1850,a318
a318,a1850
a1850,a69
a69,a1850
a619,a319
a319,a619
a619,a1207
a1207,a619
a1887,a319
a319,a1887
a1887,a1691
a1691,a1887
a336,a289
a289,a336
a386,a320
a320,a386
a471,a320
a320,a471
a1430,a320
a320,a1430
a1430,a1199
a1199,a1430
a1430,a826
a826,a1430
a887,a322
a322,a887
a1079,a322
a322,a1079
a882,a323
a323,a882
a882,a691
a691,a882
a1677,a324
a324,a1677
a1053,a325
a325,a1053
a1053,a77
a77,a1053
a1785,a325
a325,a1785
a480,a327
a327,a480
a480,a1814
a1814,a480
a904,a327
a327,a904
a967,a327
a327,a967
a967,a623
a623,a967
a1315,a327
a327,a1315
a1315,a337
a337,a1315
a1315,a1180
a1180,a1315
a446,a328
a328,a446
a446,a657
a657,a446
a446,a1102
a1102,a446
a1311,a328
a328,a1311
a825,a329
a329,a825
a825,a1022
a1022,a825
a1041,a329
a329,a1041
a1041,a430
a430,a1041
a1214,a329
a329,a1214
a1214,a407
a407,a1214
a391,a330
a330,a391
a391,a1729
a1729,a391
a1606,a330
a330,a1606
a1215,a331
a331,a1215
a1215,a913
a913,a1215
a377,a333
a333,a377
a377,a910
a910,a377
a377,a590
a590,a377
a1690,a334
a334,a1690
a1690,a1720
a1720,a1690
a1690,a798
a798,a1690
a1957,a334
a334,a1957
a793,a335
a335,a793
a793,a1033
a1033,a793
a793,a1878
a1878,a793
a1605,a335
a335,a1605
a1605,a641
a641,a1605
a975,a336
a336,a975
a743,a339
a339,a743
a466,a340
a340,a466
a466,a382
a382,a466
a1849,a340
a340,a1849
a358,a341
a341,a358
a624,a341
a341,a624
a624,a1385
a1385,a624
a783,a341
a341,a783
a821,a341
a341,a821
a821,a608
a608,a821
a821,a920
a920,a821
a1168,a341
a341,a1168
a1001,a342
a342,a1001
a1001,a1781
a1781,a1001
a1001,a1610
a1610,a1001
a1441,a342
a342,a1441
a1534,a342
a342,a1534
a1534,a699
a699,a1534
a1922,a344
a344,a1922
a969,a345
a345,a969
a1806,a345
a345,a1806
a448,a348
a348,a448
a1420,a348
a348,a1420
a896,a349
a349,a896
a896,a1704
a1704,a896
a704,a352
a352,a704
a962,a352
a352,a962
a962,a1291
a1291,a962
a962,a1832
a1832,a962
a1421,a352
a352,a1421
a1421,a1656
a1656,a1421
a1421,a859
a859,a1421
a1715,a352
a352,a1715
a1715,a1256
a1256,a1715
a1861,a352
a352,a1861
a1861,a882
a882,a1861
a1884,a352
a352,a1884
a1884,a446
a446,a1884
a1884,a1061
a1061,a1884
a531,a353
a353,a531
a594,a353
a353,a594
a594,a1060
a1060,a594
a803,a353
a353,a803
a1552,a354
a354,a1552
a1552,a1248
a1248,a1552
a546,a356
a356,a546
a546,a1178
a1178,a546
a584,a356
a356,a584
a584,a1803
a1803,a584
a584,a1720
a1720,a584
a584,a1780
a1780,a584
a584,a1355
a1355,a584
a826,a356
a356,a826
a1114,a357
a357,a1114
a1114,a1646
a1646,a1114
a1114,a1129
a1129,a1114
a1192,a358
a358,a1192
a1192,a182
a182,a1192
a1192,a1676
a1676,a1192
a1355,a358
a358,a1355
a1355,a811
a811,a1355
a1720,a358
a358,a1720
a1720,a349
a349,a1720
a732,a360
a360,a732
a732,a1632
a1632,a732
a732,a822
a822,a732
a1340,a361
a361,a1340
a1340,a299
a299,a1340
a374,a365
a365,a374
a1227,a365
a365,a1227
a1227,a883
a883,a1227
a1124,a367
a367,a1124
a1124,a1325
a1325,a1124
a1126,a367
a367,a1126
a1142,a367
a367,a1142
a1142,a430
a430,a1142
a1142,a606
a606,a1142
a1142,a288
a288,a1142
a1428,a822
a822,a1428
a1733,a367
a367,a1733
a1733,a198
a198,a1733
a1733,a1285
a1285,a1733
a1088,a368
a368,a1088
a1088,a816
a816,a1088
a1088,a223
a223,a1088
a1870,a368
a368,a1870
a1870,a894
a894,a1870
a761,a370
a370,a761
a1543,a371
a371,a1543
a1737,a372
a372,a1737
a1737,a596
a596,a1737
a1737,a529
a529,a1737
a1889,a372
a372,a1889
a1907,a372
a372,a1907
a1166,a374
a374,a1166
a1166,a224
a224,a1166
a1601,a375
a375,a1601
a1601,a526
a526,a1601
a1601,a1786
a1786,a1601
a1843,a375
a375,a1843
a1843,a550
a550,a1843
a559,a376
a376,a559
a723,a377
a377,a723
a1193,a377
a377,a1193
a1869,a377
a377,a1869
a1869,a544
a544,a1869
a1869,a1344
a1344,a1869
a1931,a377
a377,a1931
a1931,a719
a719,a1931
a1931,a160
a160,a1931
a535,a380
a380,a535
a1093,a380
a380,a1093
a1093,a1032
a1032,a1093
a1093,a1840
a1840,a1093
a1197,a380
a380,a1197
a1253,a380
a380,a1253
a1253,a1274
a1274,a1253
a1982,a380
a380,a1982
a1982,a1592
a1592,a1982
a585,a382
a382,a585
a585,a1324
a1324,a585
a585,a730
a730,a585
a936,a382
a382,a936
a936,a862
a862,a936
a976,a382
a382,a976
a976,a306
a306,a976
a883,a383
a383,a883
a883,a450
a450,a883
a883,a1379
a1379,a883
a1113,a383
a383,a1113
a1113,a168
a168,a1113
a1113,a1109
a1109,a1113
a1113,a724
a724,a1113
a705,a384
a384,a705
a705,a1746
a1746,a705
a651,a385
a385,a651
a814,a385
a385,a814
a814,a25
a25,a814
a1525,a385
a385,a1525
a1525,a1003
a1003,a1525
a1525,a1385
a1385,a1525
a710,a386
a386,a710
a710,a299
a299,a710
a710,a564
a564,a710
a1194,a386
a386,a1194
a1194,a1463
a1463,a1194
a1194,a1480
a1480,a1194
a1454,a386
a386,a1454
a1582,a386
a386,a1582
a1582,a1272
a1272,a1582
a1978,a386
a386,a1978
a1978,a1121
a1121,a1978
a631,a387
a387,a631
a1590,a387
a387,a1590
a1590,a787
a787,a1590
a779,a390
a390,a779
a779,a552
a552,a779
a779,a1699
a1699,a779
a779,a1565
a1565,a779
a897,a390
a390,a897
a897,a551
a551,a897
a897,a1297
a1297,a897
a857,a391
a391,a857
a857,a1949
a1949,a857
a1015,a392
a392,a1015
a607,a393
a393,a607
a607,a181
a181,a607
a838,a393
a393,a838
a914,a393
a393,a914
a914,a903
a903,a914
a914,a107
a107,a914
a963,a393
a393,a963
a1473,a393
a393,a1473
a1473,a679
a679,a1473
a450,a394
a394,a450
a450,a1351
a1351,a450
a464,a394
a394,a464
a464,a1556
a1556,a464
a464,a1959
a1959,a464
a1225,a394
a394,a1225
a497,a396
a396,a497
a497,a673
a673,a497
a1057,a397
a397,a1057
a1851,a397
a397,a1851
a1506,a398
a398,a1506
a1506,a626
a626,a1506
a808,a399
a399,a808
a1825,a399
a399,a1825
a1825,a864
a864,a1825
a717,a402
a402,a717
a1008,a402
a402,a1008
a1490,a402
a402,a1490
a1490,a1000
a1000,a1490
a556,a403
a403,a556
a556,a1197
a1197,a556
a709,a404
a404,a709
a612,a405
a405,a612
a1098,a405
a405,a1098
a1098,a641
a641,a1098
a1187,a406
a406,a1187
a1187,a1497
a1497,a1187
a1422,a406
a406,a1422
a1422,a1688
a1688,a1422
a1422,a635
a635,a1422
a1422,a1770
a1770,a1422
a1820,a407
a407,a1820
a1820,a77
a77,a1820
a1836,a409
a409,a1836
a1427,a410
a410,a1427
a1427,a1676
a1676,a1427
a1260,a411
a411,a1260
a1260,a1284
a1284,a1260
a1277,a411
a411,a1277
a1211,a413
a413,a1211
a1211,a1303
a1303,a1211
a623,a417
a417,a623
a703,a418
a418,a703
a703,a1073
a1073,a703
a513,a419
a419,a513
a744,a419
a419,a744
a744,a1907
a1907,a744
a785,a419
a419,a785
a1200,a419
a419,a1200
a1200,a1644
a1644,a1200
a695,a420
a420,a695
a1391,a422
a422,a1391
a1391,a1348
a1348,a1391
a1495,a422
a422,a1495
a1495,a1927
a1927,a1495
a1495,a429
a429,a1495
a1495,a619
a619,a1495
a868,a424
a424,a868
a868,a1428
a1428,a868
a1283,a424
a424,a1283
a591,a425
a425,a591
a591,a1319
a1319,a591
a591,a149
a149,a591
a1238,a425
a425,a1238
a1238,a667
a667,a1238
a1238,a1268
a1268,a1238
a1385,a426
a426,a1385
a1385,a1104
a1104,a1385
a1385,a1018
a1018,a1385
a1696,a426
a426,a1696
a462,a427
a427,a462
a462,a1910
a1910,a462
a474,a427
a427,a474
a494,a427
a427,a494
a494,a1186
a1186,a494
a1344,a427
a427,a1344
a1344,a1237
a1237,a1344
a1344,a963
a963,a1344
a1363,a427
a427,a1363
a627,a431
a431,a627
a542,a432
a432,a542
a1876,a432
a432,a1876
a1876,a1206
a1206,a1876
a1876,a1415
a1415,a1876
a544,a433
a433,a544
a544,a353
a353,a544
a1980,a433
a433,a1980
a1721,a436
a436,a1721
a1721,a792
a792,a1721
a1721,a930
a930,a1721
a645,a438
a438,a645
a1011,a438
a438,a1011
a1011,a1801
a1801,a1011
a1128,a441
a441,a1128
a1128,a1713
a1713,a1128
a1298,a441
a441,a1298
a1335,a441
a441,a1335
a1027,a444
a444,a1027
a1027,a892
a892,a1027
a926,a447
a447,a926
a926,a1295
a1295,a926
a1312,a448
a448,a1312
a1312,a850
a850,a1312
a1415,a1290
a1290,a1415
a1415,a1353
a1353,a1415
a564,a452
a452,a564
a1955,a452
a452,a1955
a1955,a1545
a1545,a1955
a1278,a456
a456,a1278
a1278,a1956
a1956,a1278
a1309,a456
a456,a1309
a1360,a456
a456,a1360
a1360,a31
a31,a1360
a1360,a271
a271,a1360
a1899,a456
a456,a1899
a832,a457
a457,a832
a696,a461
a461,a696
a696,a1490
a1490,a696
a696,a1670
a1670,a696
a988,a461
a461,a988
a988,a1052
a1052,a988
a1219,a461
a461,a1219
a1219,a887
a887,a1219
a1219,a1298
a1298,a1219
a1453,a461
a461,a1453
a1659,a461
a461,a1659
a1067,a463
a463,a1067
a1067,a586
a586,a1067
a1067,a1954
a1954,a1067
a888,a466
a466,a888
a888,a90
a90,a888
a505,a467
a467,a505
a505,a228
a228,a505
a505,a1047
a1047,a505
a854,a1709
a1709,a854
a854,a444
a444,a854
a854,a506
a506,a854
a995,a467
a467,a995
a995,a21
a21,a995
a995,a496
a496,a995
a1051,a467
a467,a1051
a1051,a1381
a1381,a1051
a1051,a646
a646,a1051
a512,a468
a468,a512
a512,a1757
a1757,a512
a512,a325
a325,a512
a512,a831
a831,a512
a1177,a468
a468,a1177
a1177,a1021
a1021,a1177
a1177,a771
a771,a1177
a1177,a1193
a1193,a1177
a1647,a468
a468,a1647
a1647,a579
a579,a1647
a1647,a74
a74,a1647
a1647,a1032
a1032,a1647
a1647,a1439
a1439,a1647
a1730,a468
a468,a1730
a1730,a1015
a1015,a1730
a1730,a951
a951,a1730
a1017,a471
a471,a1017
a692,a472
a472,a692
a692,a1337
a1337,a692
a692,a1406
a1406,a692
a692,a423
a423,a692
a755,a472
a472,a755
a908,a472
a472,a908
a908,a1889
a1889,a908
a908,a342
a342,a908
a1491,a472
a472,a1491
a1491,a1970
a1970,a1491
a1491,a455
a455,a1491
a1984,a1670
a1670,a1984
a1984,a1441
a1441,a1984
a622,a475
a475,a622
a1254,a475
a475,a1254
a1282,a475
a475,a1282
a1282,a1453
a1453,a1282
a1833,a475
a475,a1833
a1833,a1374
a1374,a1833
a1912,a475
a475,a1912
a1912,a1686
a1686,a1912
a1912,a1413
a1413,a1912
a1912,a434
a434,a1912
a1912,a1596
a1596,a1912
a1912,a915
a915,a1912
a1204,a477
a477,a1204
a1204,a1037
a1037,a1204
a716,a479
a479,a716
a716,a152
a152,a716
a1410,a480
a480,a1410
a1410,a1127
a1127,a1410
a1410,a951
a951,a1410
a1985,a481
a481,a1985
a1985,a1087
a1087,a1985
a1654,a482
a482,a1654
a1654,a1075
a1075,a1654
a1939,a482
a482,a1939
a1939,a297
a297,a1939
a1178,a483
a483,a1178
a1178,a1687
a1687,a1178
a1178,a1701
a1701,a1178
a1349,a483
a483,a1349
a1349,a875
a875,a1349
a574,a484
a484,a574
a574,a759
a759,a574
a567,a485
a485,a567
a811,a485
a485,a811
a811,a1069
a1069,a811
a811,a907
a907,a811
a1791,a485
a485,a1791
a1791,a1480
a1480,a1791
a1880,a485
a485,a1880
a1880,a869
a869,a1880
a1294,a491
a491,a1294
a1959,a491
a491,a1959
a1700,a494
a494,a1700
a1700,a1408
a1408,a1700
a1700,a69
a69,a1700
a1700,a48
a48,a1700
a1719,a494
a494,a1719
a1865,a494
a494,a1865
a1865,a1566
a1566,a1865
a1865,a529
a529,a1865
a1865,a703
a703,a1865
a689,a496
a496,a689
a900,a496
a496,a900
a900,a495
a495,a900
a1638,a496
a496,a1638
a1638,a1628
a1628,a1638
a1638,a683
a683,a1638
a923,a497
a497,a923
a674,a500
a500,a674
a674,a22
a22,a674
a674,a1653
a1653,a674
a674,a1605
a1605,a674
a1569,a500
a500,a1569
a1569,a1677
a1677,a1569
a1070,a501
a501,a1070
a1070,a1840
a1840,a1070
a691,a502
a502,a691
a691,a643
a643,a691
a691,a1400
a1400,a691
a691,a594
a594,a691
a782,a502
a502,a782
a1063,a502
a502,a1063
a1183,a502
a502,a1183
a1183,a1239
a1239,a1183
a550,a503
a503,a550
a550,a336
a336,a550
a550,a232
a232,a550
a1742,a503
a503,a1742
a1257,a504
a504,a1257
a1257,a1137
a1137,a1257
a1257,a16
a16,a1257
a1342,a504
a504,a1342
a1342,a1567
a1567,a1342
a1379,a504
a504,a1379
a1379,a1253
a1253,a1379
a1379,a1973
a1973,a1379
a1121,a507
a507,a1121
a1121,a1827
a1827,a1121
a1121,a1000
a1000,a1121
a1121,a1294
a1294,a1121
a1712,a507
a507,a1712
a1712,a1203
a1203,a1712
a1044,a508
a508,a1044
a1044,a65
a65,a1044
a547,a510
a510,a547
a547,a967
a967,a547
a547,a1293
a1293,a547
a582,a510
a510,a582
a1644,a512
a512,a1644
a1644,a627
a627,a1644
a1835,a512
a512,a1835
a1066,a521
a521,a1066
a1066,a1214
a1214,a1066
a951,a522
a522,a951
a951,a1616
a1616,a951
a951,a1976
a1976,a951
a951,a1927
a1927,a951
a1244,a523
a523,a1244
a1244,a1870
a1870,a1244
a1971,a524
a524,a1971
a1971,a91
a91,a1971
a1971,a1906
a1906,a1971
a801,a528
a528,a801
a1291,a528
a528,a1291
a1640,a528
a528,a1640
a1754,a528
a528,a1754
a1838,a528
a528,a1838
a927,a529
a529,a927
a927,a728
a728,a927
a1047,a529
a529,a1047
a1047,a171
a171,a1047
a1339,a530
a530,a1339
a1339,a217
a217,a1339
a1461,a530
a530,a1461
a1750,a530
a530,a1750
a1750,a324
a324,a1750
a1750,a1301
a1301,a1750
a1750,a1038
a1038,a1750
a1750,a921
a921,a1750
a666,a531
a531,a666
a1613,a532
a532,a1613
a1613,a657
a657,a1613
a1628,a532
a532,a1628
a560,a533
a533,a560
a560,a1723
a1723,a560
a1077,a533
a533,a1077
a1077,a689
a689,a1077
a1077,a208
a208,a1077
a1252,a533
a533,a1252
a1303,a533
a533,a1303
a1303,a862
a862,a1303
a1749,a533
a533,a1749
a1749,a42
a42,a1749
a601,a537
a537,a601
a601,a704
a704,a601
a601,a751
a751,a601
a1332,a537
a537,a1332
a1332,a1779
a1779,a1332
a1332,a239
a239,a1332
a1367,a538
a538,a1367
a1367,a1792
a1792,a1367
a1367,a1083
a1083,a1367
a1686,a538
a538,a1686
a713,a539
a539,a713
a756,a539
a539,a756
a1477,a539
a539,a1477
a760,a541
a541,a760
a760,a410
a410,a760
a760,a1622
a1622,a760
a760,a1570
a1570,a760
a760,a966
a966,a760
a1489,a541
a541,a1489
a1489,a1377
a1377,a1489
a1489,a879
a879,a1489
a1697,a543
a543,a1697
a817,a546
a546,a817
a817,a187
a187,a817
a1581,a546
a546,a1581
a1581,a946
a946,a1581
a1581,a31
a31,a1581
a1581,a1275
a1275,a1581
a894,a549
a549,a894
a894,a393
a393,a894
a1438,a549
a549,a1438
a1438,a273
a273,a1438
a593,a551
a551,a593
a648,a551
a551,a648
a681,a551
a551,a681
a681,a1817
a1817,a681
a681,a1739
a1739,a681
a681,a1884
a1884,a681
a753,a551
a551,a753
a875,a551
a551,a875
a875,a1583
a1583,a875
a895,a551
a551,a895
a1147,a551
a551,a1147
a1147,a517
a517,a1147
a1407,a551
a551,a1407
a1407,a1817
a1817,a1407
a1407,a115
a115,a1407
a1439,a551
a551,a1439
a1439,a7
a7,a1439
a652,a552
a552,a652
a652,a1977
a1977,a652
a652,a1824
a1824,a652
a767,a553
a553,a767
a767,a796
a796,a767
a680,a555
a555,a680
a773,a555
a555,a773
a780,a555
a555,a780
a780,a98
a98,a780
a835,a555
a555,a835
a835,a836
a836,a835
a1460,a555
a555,a1460
a1460,a126
a126,a1460
a1460,a1350
a1350,a1460
a1826,a555
a555,a1826
a1826,a437
a437,a1826
a1716,a558
a558,a1716
a1716,a1539
a1539,a1716
a673,a561
a561,a673
a1033,a561
a561,a1033
a1657,a561
a561,a1657
a794,a562
a562,a794
a1641,a562
a562,a1641
a1641,a286
a286,a1641
a1641,a620
a620,a1641
a1060,a563
a563,a1060
a1060,a256
a256,a1060
a1060,a1751
a1751,a1060
a1096,a565
a565,a1096
a604,a568
a568,a604
a604,a1884
a1884,a604
a879,a569
a569,a879
a1218,a570
a570,a1218
a1463,a1199
a1199,a1463
a1559,a571
a571,a1559
a1559,a1812
a1812,a1559
a1374,a572
a572,a1374
a1923,a572
a572,a1923
a968,a573
a573,a968
a968,a1531
a1531,a968
a968,a1713
a1713,a968
a968,a517
a517,a968
a1436,a573
a573,a1436
a1213,a574
a574,a1213
a1213,a553
a553,a1213
a1213,a1171
a1171,a1213
a1425,a574
a574,a1425
a640,a575
a575,a640
a640,a1007
a1007,a640
a1198,a575
a575,a1198
a1210,a576
a576,a1210
a1210,a726
a726,a1210
a1767,a577
a577,a1767
a579,a578
a578,a579
a579,a1497
a1497,a579
a579,a1602
a1602,a579
a579,a1368
a1368,a579
a765,a578
a578,a765
a765,a791
a791,a765
a765,a269
a269,a765
a1669,a581
a581,a1669
a670,a584
a584,a670
a1090,a586
a586,a1090
a1090,a38
a38,a1090
a1518,a586
a586,a1518
a636,a589
a589,a636
a636,a1850
a1850,a636
a637,a591
a591,a637
a637,a1143
a1143,a637
a750,a591
a591,a750
a750,a1938
a1938,a750
a750,a1863
a1863,a750
a750,a1475
a1475,a750
a676,a595
a595,a676
a719,a595
a595,a719
a719,a1650
a1650,a719
a719,a1407
a1407,a719
a1369,a595
a595,a1369
a1148,a597
a597,a1148
a1148,a1544
a1544,a1148
a1162,a597
a597,a1162
a1162,a101
a101,a1162
a660,a602
a602,a660
a660,a726
a726,a660
a1233,a605
a605,a1233
a1233,a1201
a1201,a1233
a1233,a1760
a1760,a1233
a1233,a86
a86,a1233
a1233,a301
a301,a1233
a1140,a606
a606,a1140
a1140,a697
a697,a1140
a807,a612
a612,a807
a807,a398
a398,a807
a618,a616
a616,a618
a671,a113
a113,a671
a860,a616
a616,a860
a860,a85
a85,a860
a1710,a616
a616,a1710
a1796,a616
a616,a1796
a1796,a1088
a1088,a1796
a1857,a616
a616,a1857
a1857,a621
a621,a1857
a693,a620
a620,a693
a1920,a620
a620,a1920
a1920,a1872
a1872,a1920
a1920,a331
a331,a1920
a1920,a732
a732,a1920
a949,a623
a623,a949
a958,a624
a624,a958
a958,a1932
a1932,a958
a929,a625
a625,a929
a1707,a625
a625,a1707
a1207,a626
a626,a1207
a1207,a503
a503,a1207
a1584,a626
a626,a1584
a1839,a1672
a1672,a1839
a668,a627
a627,a668
a668,a1446
a1446,a668
a668,a1434
a1434,a668
a668,a354
a354,a668
a668,a647
a647,a668
a668,a509
a509,a668
a1014,a627
a627,a1014
a1014,a544
a544,a1014
a1138,a627
a627,a1138
a1138,a422
a422,a1138
a1711,a627
a627,a1711
a1711,a1281
a1281,a1711
a1927,a627
a627,a1927
a1927,a788
a788,a1927
a1927,a1104
a1104,a1927
a849,a628
a628,a849
a849,a289
a289,a849
a1302,a628
a628,a1302
a688,a632
a632,a688
a688,a1902
a1902,a688
a1025,a633
a633,a1025
a1110,a633
a633,a1110
a734,a636
a636,a734
a734,a1610
a1610,a734
a734,a26
a26,a734
a734,a1128
a1128,a734
a990,a531
a531,a990
a990,a924
a924,a990
a990,a1313
a1313,a990
a712,a639
a639,a712
a712,a1454
a1454,a712
a987,a639
a639,a987
a1405,a639
a639,a1405
a1405,a943
a943,a1405
a1548,a639
a639,a1548
a1548,a1436
a1436,a1548
a1106,a640
a640,a1106
a1106,a514
a514,a1106
a1106,a1604
a1604,a1106
a1165,a640
a640,a1165
a1165,a1698
a1698,a1165
a1265,a643
a643,a1265
a1621,a643
a643,a1621
a1301,a644
a644,a1301
a682,a649
a649,a682
a1423,a649
a649,a1423
a1516,a649
a649,a1516
a1516,a1167
a1167,a1516
a1516,a1370
a1370,a1516
a1516,a1174
a1174,a1516
a874,a650
a650,a874
a874,a1894
a1894,a874
a874,a1219
a1219,a874
a1903,a650
a650,a1903
a1903,a287
a287,a1903
a1903,a1254
a1254,a1903
a724,a654
a654,a724
a724,a600
a600,a724
a724,a576
a576,a724
a772,a655
a655,a772
a772,a533
a533,a772
a993,a655
a655,a993
a993,a1818
a1818,a993
a1216,a656
a656,a1216
a1092,a657
a657,a1092
a873,a658
a658,a873
a873,a1025
a1025,a873
a931,a658
a658,a931
a933,a658
a658,a933
a933,a12
a12,a933
a933,a1957
a1957,a933
a1036,a658
a658,a1036
a1036,a1315
a1315,a1036
a1036,a722
a722,a1036
a1037,a658
a658,a1037
a1483,a952
a952,a1483
a1483,a1970
a1970,a1483
a1684,a658
a658,a1684
a1684,a86
a86,a1684
a1684,a1570
a1570,a1684
a1773,a658
a658,a1773
a1896,a658
a658,a1896
a1896,a850
a850,a1896
a1933,a658
a658,a1933
a1933,a1564
a1564,a1933
a1724,a659
a659,a1724
a1724,a6
a6,a1724
a1724,a90
a90,a1724
a1364,a660
a660,a1364
a1364,a298
a298,a1364
a1364,a1351
a1351,a1364
a1823,a662
a662,a1823
a1823,a334
a334,a1823
a1823,a966
a966,a1823
a1823,a747
a747,a1823
a1075,a663
a663,a1075
a1075,a1177
a1177,a1075
a1075,a1654
a1654,a1075
a1378,a663
a663,a1378
a1378,a1593
a1593,a1378
a1642,a663
a663,a1642
a1642,a1226
a1226,a1642
a1642,a1022
a1022,a1642
a1642,a861
a861,a1642
a1642,a1289
a1289,a1642
a1652,a663
a663,a1652
a1652,a1298
a1298,a1652
a1073,a664
a664,a1073
a1073,a846
a846,a1073
a1073,a902
a902,a1073
a1588,a1728
a1728,a1588
a1588,a1167
a1167,a1588
a1588,a407
a407,a1588
a816,a665
a665,a816
a858,a665
a665,a858
a858,a817
a817,a858
a1321,a665
a665,a1321
a1321,a631
a631,a1321
a1413,a665
a665,a1413
a892,a669
a669,a892
a745,a673
a673,a745
a1382,a673
a673,a1382
a1382,a182
a182,a1382
a1251,a675
a675,a1251
a1735,a675
a675,a1735
a979,a677
a677,a979
a726,a680
a680,a726
a726,a1291
a1291,a726
a1578,a680
a680,a1578
a1578,a1525
a1525,a1578
a1553,a684
a684,a1553
a790,a686
a686,a790
a790,a1130
a1130,a790
a1246,a687
a687,a1246
a1246,a411
a411,a1246
a1246,a1534
a1534,a1246
a1771,a690
a690,a1771
a1771,a1815
a1815,a1771
a727,a694
a694,a727
a1325,a696
a696,a1325
a930,a697
a697,a930
a930,a1508
a1508,a930
a1593,a697
a697,a1593
a1593,a1358
a1358,a1593
a1687,a698
a698,a1687
a1687,a1426
a1426,a1687
a1620,a1467
a1467,a1620
a1620,a337
a337,a1620
a886,a709
a709,a886
a948,a712
a712,a948
a948,a845
a845,a948
a948,a224
a224,a948
a948,a1504
a1504,a948
a948,a1382
a1382,a948
a1003,a712
a712,a1003
a1003,a246
a246,a1003
a994,a713
a713,a994
a823,a716
a716,a823
a823,a1808
a1808,a823
a823,a1589
a1589,a823
a823,a1807
a1807,a823
a1122,a716
a716,a1122
a1122,a612
a612,a1122
a1858,a719
a719,a1858
a1790,a721
a721,a1790
a1950,a721
a721,a1950
a1950,a1356
a1356,a1950
a1784,a727
a727,a1784
a1784,a171
a171,a1784
a1784,a764
a764,a1784
a1852,a693
a693,a1852
a1580,a731
a731,a1580
a1580,a1996
a1996,a1580
a1322,a732
a732,a1322
a1322,a1391
a1391,a1322
a1874,a732
a732,a1874
a1467,a735
a735,a1467
a980,a745
a745,a980
a1999,a745
a745,a1999
a1999,a1316
a1316,a1999
a1999,a1593
a1593,a1999
a789,a746
a746,a789
a789,a1620
a1620,a789
a789,a1392
a1392,a789
a1676,a748
a748,a1676
a1676,a1752
a1752,a1676
a784,a751
a751,a784
a784,a1331
a1331,a784
a1595,a753
a753,a1595
a1595,a1126
a1126,a1595
a1595,a179
a179,a1595
a1975,a753
a753,a1975
a1975,a1732
a1732,a1975
a1975,a802
a802,a1975
a1975,a894
a894,a1975
a957,a754
a754,a957
a1199,a754
a754,a1199
a1199,a1851
a1851,a1199
a1199,a1878
a1878,a1199
a1380,a754
a754,a1380
a1380,a1000
a1000,a1380
a1685,a754
a754,a1685
a1685,a1321
a1321,a1685
a1936,a754
a754,a1936
a1936,a1583
a1583,a1936
a1937,a754
a754,a1937
a1120,a757
a757,a1120
a1120,a1694
a1694,a1120
a1120,a1425
a1425,a1120
a1271,a759
a759,a1271
a1995,a759
a759,a1995
a1995,a603
a603,a1995
a1777,a762
a762,a1777
a1514,a764
a764,a1514
a802,a188
a188,a802
a1341,a767
a767,a1341
a1673,a767
a767,a1673
a1673,a522
a522,a1673
a945,a772
a772,a945
a1840,a772
a772,a1840
a1840,a1226
a1226,a1840
a1840,a290
a290,a1840
a828,a778
a778,a828
a828,a107
a107,a828
a847,a784
a784,a847
a913,a785
a785,a913
a913,a1435
a1435,a913
a913,a522
a522,a913
a1242,a1592
a1592,a1242
a1693,a785
a785,a1693
a1693,a309
a309,a1693
a890,a788
a788,a890
a890,a1680
a1680,a890
a1158,a788
a788,a1158
a1158,a1082
a1082,a1158
a1158,a1543
a1543,a1158
a1158,a1360
a1360,a1158
a1544,a792
a792,a1544
a1544,a262
a262,a1544
a1544,a1165
a1165,a1544
a1837,a792
a792,a1837
a1837,a840
a840,a1837
a1689,a793
a793,a1689
a1689,a134
a134,a1689
a1689,a1929
a1929,a1689
a973,a795
a795,a973
a973,a302
a302,a973
a1986,a795
a795,a1986
a1649,a796
a796,a1649
a1356,a799
a799,a1356
a1224,a801
a801,a1224
a1224,a971
a971,a1224
a1224,a285
a285,a1224
a1224,a834
a834,a1224
a1740,a802
a802,a1740
a1740,a771
a771,a1740
a1740,a1618
a1618,a1740
a1831,a805
a805,a1831
a910,a810
a810,a910
a910,a1699
a1699,a910
a1949,a810
a810,a1949
a1949,a553
a553,a1949
a1949,a1885
a1885,a1949
a906,a811
a811,a906
a906,a1804
a1804,a906
a1845,a812
a812,a1845
a1845,a1636
a1636,a1845
a1209,a813
a813,a1209
a1209,a698
a698,a1209
a1444,a817
a817,a1444
a1444,a1182
a1182,a1444
a1444,a926
a926,a1444
a1444,a697
a697,a1444
a1444,a851
a851,a1444
a1153,a819
a819,a1153
a1046,a823
a823,a1046
a1046,a1774
a1774,a1046
a1319,a824
a824,a1319
a1319,a1733
a1733,a1319
a1319,a422
a422,a1319
a1130,a825
a825,a1130
a1130,a210
a210,a1130
a1455,a825
a825,a1455
a1455,a1194
a1194,a1455
a1455,a635
a635,a1455
a1280,a833
a833,a1280
a1280,a115
a115,a1280
a1308,a833
a833,a1308
a1308,a1569
a1569,a1308
a1523,a833
a833,a1523
a1622,a834
a834,a1622
a1622,a209
a209,a1622
a1005,a840
a840,a1005
a1006,a846
a846,a1006
a1006,a1755
a1755,a1006
a1163,a847
a847,a1163
a1888,a849
a849,a1888
a1930,a851
a851,a1930
a1034,a852
a852,a1034
a1285,a866
a866,a1285
a1694,a867
a867,a1694
a974,a869
a869,a974
a974,a1762
a1762,a974
a1273,a603
a603,a1273
a1625,a870
a870,a1625
a1625,a1855
a1855,a1625
a1625,a753
a753,a1625
a1009,a871
a871,a1009
a1009,a1072
a1072,a1009
a1009,a310
a310,a1009
a1009,a266
a266,a1009
a1295,a871
a871,a1295
a950,a872
a872,a950
a950,a112
a112,a950
a1573,a874
a874,a1573
a1573,a430
a430,a1573
a1443,a877
a877,a1443
a1443,a1821
a1821,a1443
a952,a881
a881,a952
a952,a1771
a1771,a952
a952,a99
a99,a952
a952,a1505
a1505,a952
a964,a886
a886,a964
a964,a874
a874,a964
a1434,a890
a890,a1434
a939,a892
a892,a939
a939,a322
a322,a939
a1173,a892
a892,a1173
a1173,a621
a621,a1173
a1591,a895
a895,a1591
a1591,a1181
a1181,a1591
a1967,a897
a897,a1967
a1967,a1521
a1521,a1967
a1967,a883
a883,a1967
a1660,a904
a904,a1660
a1042,a908
a908,a1042
a1042,a1774
a1774,a1042
a1042,a1886
a1886,a1042
a1042,a43
a43,a1042
a1042,a1130
a1130,a1042
a1574,a908
a908,a1574
a1897,a909
a909,a1897
a1897,a1475
a1475,a1897
a1897,a358
a358,a1897
a1894,a917
a917,a1894
a1118,a919
a919,a1118
a1118,a569
a569,a1118
a1118,a94
a94,a1118
a953,a921
a921,a953
a986,a921
a921,a986
a1095,a921
a921,a1095
a1377,a921
a921,a1377
a1377,a1640
a1640,a1377
a1395,a921
a921,a1395
a1395,a1044
a1044,a1395
a1769,a921
a921,a1769
a1769,a915
a915,a1769
a1769,a164
a164,a1769
a1769,a1865
a1865,a1769
a1769,a77
a77,a1769
a1769,a50
a50,a1769
a1635,a923
a923,a1635
a1635,a783
a783,a1635
a1895,a923
a923,a1895
a1007,a928
a928,a1007
a1007,a559
a559,a1007
a1313,a928
a928,a1313
a1807,a928
a928,a1807
a1807,a613
a613,a1807
a1807,a343
a343,a1807
a1807,a1656
a1656,a1807
a1108,a931
a931,a1108
a1108,a1417
a1417,a1108
a1365,a931
a931,a1365
a1141,a935
a935,a1141
a1141,a1615
a1615,a1141
a1141,a1870
a1870,a1141
a1948,a937
a937,a1948
a1948,a1020
a1020,a1948
a1918,a940
a940,a1918
a1918,a1405
a1405,a1918
a1918,a449
a449,a1918
a1918,a414
a414,a1918
a1061,a942
a942,a1061
a1061,a460
a460,a1061
a1024,a946
a946,a1024
a1024,a517
a517,a1024
a1024,a1926
a1926,a1024
a1787,a951
a951,a1787
a1232,a953
a953,a1232
a1598,a953
a953,a1598
a1598,a681
a681,a1598
a1611,a954
a954,a1611
a1611,a1010
a1010,a1611
a1281,a955
a955,a1281
a1281,a1964
a1964,a1281
a1300,a982
a982,a1300
a1300,a932
a932,a1300
a1300,a258
a258,a1300
a1406,a982
a982,a1406
a1645,a988
a988,a1645
a1468,a990
a990,a1468
a1468,a580
a580,a1468
a1468,a902
a902,a1468
a1847,a991
a991,a1847
a1847,a801
a801,a1847
a1847,a1504
a1504,a1847
a1203,a998
a998,a1203
a1270,a1001
a1001,a1270
a1505,a1004
a1004,a1505
a1289,a1005
a1005,a1289
a1480,a1008
a1008,a1480
a1480,a1109
a1109,a1480
a1908,a1008
a1008,a1908
a1058,a1010
a1010,a1058
a1100,a1014
a1014,a1100
a1100,a367
a367,a1100
a1496,a1015
a1015,a1496
a1496,a1893
a1893,a1496
a1819,a1017
a1017,a1819
a1819,a919
a919,a1819
a1316,a1021
a1021,a1316
a1316,a1435
a1435,a1316
a1241,a1023
a1023,a1241
a1747,a1025
a1025,a1747
a1572,a1032
a1032,a1572
a1800,a1033
a1033,a1800
a1306,a1121
a1121,a1306
a1306,a1038
a1038,a1306
a1306,a1448
a1448,a1306
a1600,a1034
a1034,a1600
a1600,a1418
a1418,a1600
a1600,a1709
a1709,a1600
a1154,a1037
a1037,a1154
a1154,a1871
a1871,a1154
a1337,a1037
a1037,a1337
a1510,a1037
a1037,a1510
a1510,a629
a629,a1510
a1879,a1037
a1037,a1879
a1879,a818
a818,a1879
a1879,a331
a331,a1879
a1123,a1039
a1039,a1123
a1994,a1041
a1041,a1994
a1994,a129
a129,a1994
a1059,a1042
a1042,a1059
a1230,a1042
a1042,a1230
a1087,a1043
a1043,a1087
a1087,a449
a449,a1087
a1731,a1043
a1043,a1731
a1731,a348
a348,a1731
a1731,a839
a839,a1731
a1731,a517
a517,a1731
a1901,a1043
a1043,a1901
a1901,a1082
a1082,a1901
a1752,a1045
a1045,a1752
a1752,a858
a858,a1752
a1752,a1025
a1025,a1752
a1752,a1731
a1731,a1752
a1287,a1050
a1050,a1287
a1287,a25
a25,a1287
a1411,a1050
a1050,a1411
a1411,a350
a350,a1411
a1817,a1050
a1050,a1817
a1817,a133
a133,a1817
a1497,a1053
a1053,a1497
a1497,a1480
a1480,a1497
a1924,a1058
a1058,a1924
a1924,a1808
a1808,a1924
a1924,a1709
a1709,a1924
a1078,a1062
a1062,a1078
a1078,a1951
a1951,a1078
a1078,a1883
a1883,a1078
a1366,a1062
a1062,a1366
a1366,a1009
a1009,a1366
a1296,a1065
a1065,a1296
a1296,a1418
a1418,a1296
a1602,a1066
a1066,a1602
a1358,a1070
a1070,a1358
a1426,a1072
a1072,a1426
a1426,a1976
a1976,a1426
a1426,a895
a895,a1426
a1206,a1082
a1082,a1206
a1206,a1854
a1854,a1206
a1161,a1086
a1086,a1161
a1161,a1568
a1568,a1161
a1161,a167
a167,a1161
a1609,a1091
a1091,a1609
a1609,a1323
a1323,a1609
a1609,a162
a162,a1609
a1609,a1980
a1980,a1609
a1609,a1157
a1157,a1609
a1375,a1093
a1093,a1375
a1384,a1093
a1093,a1384
a1457,a1093
a1093,a1457
a1457,a1189
a1189,a1457
a1748,a1096
a1096,a1748
a1748,a1204
a1204,a1748
a1748,a1604
a1604,a1748
a1104,a1103
a1103,a1104
a1104,a1043
a1043,a1104
a1503,a1107
a1107,a1503
a1503,a1071
a1071,a1503
a1503,a240
a240,a1503
a1503,a1606
a1606,a1503
a1159,a1112
a1112,a1159
a1159,a716
a716,a1159
a1159,a845
a845,a1159
a1318,a1114
a1114,a1318
a1318,a1683
a1683,a1318
a1326,a1118
a1118,a1326
a1373,a1133
a1133,a1373
a1940,a1134
a1134,a1940
a1940,a1000
a1000,a1940
a1940,a1724
a1724,a1940
a1795,a1137
a1137,a1795
a1795,a1368
a1368,a1795
a1829,a1139
a1139,a1829
a1829,a1271
a1271,a1829
a1446,a1142
a1142,a1446
a1446,a1765
a1765,a1446
a1446,a522
a522,a1446
a1818,a1142
a1142,a1818
a1818,a1324
a1324,a1818
a1547,a1144
a1144,a1547
a1670,a1168
a1168,a1670
a1670,a766
a766,a1670
a1524,a1169
a1169,a1524
a1412,a1180
a1180,a1412
a1718,a1188
a1188,a1718
a1718,a352
a352,a1718
a1255,a1190
a1190,a1255
a1255,a1235
a1235,a1255
a1255,a703
a703,a1255
a1637,a1191
a1191,a1637
a1637,a1154
a1154,a1637
a1637,a278
a278,a1637
a1917,a1192
a1192,a1917
a1442,a1193
a1193,a1442
a1442,a378
a378,a1442
a1763,a1196
a1196,a1763
a1763,a1120
a1120,a1763
a1695,a1197
a1197,a1695
a1695,a1295
a1295,a1695
a1493,a1199
a1199,a1493
a1756,a1205
a1205,a1756
a1756,a884
a884,a1756
a1276,a1220
a1220,a1276
a1634,a1220
a1220,a1634
a1634,a1485
a1485,a1634
a1576,a1227
a1227,a1576
a1738,a1235
a1235,a1738
a1738,a404
a404,a1738
a1528,a1239
a1239,a1528
a1688,a1240
a1240,a1688
a1449,a1241
a1241,a1449
a1500,a1241
a1241,a1500
a1328,a1249
a1249,a1328
a1929,a1251
a1251,a1929
a1929,a1611
a1611,a1929
a1947,a1262
a1262,a1947
a1947,a1468
a1468,a1947
a1947,a230
a230,a1947
a1632,a1275
a1275,a1632
a1632,a845
a845,a1632
a1305,a1284
a1284,a1305
a1305,a1234
a1234,a1305
a1575,a1286
a1286,a1575
a1372,a1293
a1293,a1372
a1372,a1330
a1330,a1372
a1372,a169
a169,a1372
a1803,a1293
a1293,a1803
a1803,a523
a523,a1803
a1803,a1440
a1440,a1803
a1970,a1293
a1293,a1970
a1398,a1295
a1295,a1398
a1398,a1733
a1733,a1398
a1398,a1152
a1152,a1398
a1868,a1298
a1298,a1868
a1868,a992
a992,a1868
a1945,a1298
a1298,a1945
a1945,a23
a23,a1945
a1945,a1496
a1496,a1945
a1419,a1311
a1311,a1419
a1419,a1604
a1604,a1419
a1419,a1574
a1574,a1419
a1484,a1314
a1314,a1484
a1484,a784
a784,a1484
a1925,a1314
a1314,a1925
a1433,a1315
a1315,a1433
a1864,a1323
a1323,a1864
a1708,a743
a743,a1708
a1597,a1330
a1330,a1597
a1597,a885
a885,a1597
a1597,a712
a712,a1597
a1435,a1341
a1341,a1435
a1435,a1590
a1590,a1435
a1815,a1341
a1341,a1815
a1815,a1931
a1931,a1815
a1815,a1939
a1939,a1815
a1941,a1349
a1349,a1941
a1941,a1329
a1329,a1941
a1941,a1358
a1358,a1941
a1517,a1361
a1361,a1517
a1517,a1779
a1779,a1517
a1554,a1372
a1372,a1554
a1830,a1373
a1373,a1830
a1830,a1765
a1765,a1830
a1760,a1375
a1375,a1760
a1811,a1382
a1382,a1811
a1811,a229
a229,a1811
a1570,a1386
a1386,a1570
a1526,a1389
a1389,a1526
a1526,a191
a191,a1526
a1535,a1398
a1398,a1535
a1535,a1634
a1634,a1535
a1535,a882
a882,a1535
a1535,a1456
a1456,a1535
a1778,a1403
a1403,a1778
a1778,a1961
a1961,a1778
a1502,a1404
a1404,a1502
a1502,a1609
a1609,a1502
a1486,a1411
a1411,a1486
a1486,a419
a419,a1486
a1486,a876
a876,a1486
a1744,a1412
a1412,a1744
a1744,a1193
a1193,a1744
a1450,a371
a371,a1450
a1481,a1418
a1418,a1481
a1481,a1300
a1300,a1481
a1481,a423
a423,a1481
a1481,a178
a178,a1481
a1944,a1418
a1418,a1944
a1630,a1420
a1420,a1630
a1630,a1302
a1302,a1630
a1630,a1221
a1221,a1630
a1717,a1420
a1420,a1717
a1992,a1420
a1420,a1992
a1992,a1195
a1195,a1992
a1571,a1425
a1425,a1571
a1487,a1432
a1432,a1487
a1487,a1938
a1938,a1487
a1873,a1433
a1433,a1873
a1873,a1607
a1607,a1873
a1873,a1278
a1278,a1873
a1873,a458
a458,a1873
a1665,a1436
a1436,a1665
a1557,a1438
a1438,a1557
a1855,a1480
a1480,a1855
a1855,a1346
a1346,a1855
a1934,a1480
a1480,a1934
a1934,a1031
a1031,a1934
a1934,a1967
a1967,a1934
a1492,a1483
a1483,a1492
a1842,a1496
a1496,a1842
a1842,a840
a840,a1842
a1883,a1497
a1497,a1883
a1883,a817
a817,a1883
a1883,a1981
a1981,a1883
a1555,a1504
a1504,a1555
a1555,a204
a204,a1555
a1509,a1508
a1508,a1509
a1509,a704
a704,a1509
a1509,a672
a672,a1509
a1509,a379
a379,a1509
a1891,a1522
a1522,a1891
a1906,a1522
a1522,a1906
a1906,a892
a892,a1906
a1906,a1363
a1363,a1906
a1596,a1524
a1524,a1596
a1596,a1387
a1387,a1596
a1885,a1529
a1529,a1885
a1885,a1005
a1005,a1885
a1549,a1533
a1533,a1549
a1549,a1250
a1250,a1549
a1617,a1545
a1545,a1617
a1661,a1548
a1548,a1661
a1661,a1553
a1553,a1661
a1958,a1556
a1556,a1958
a1958,a1838
a1838,a1958
a1702,a1560
a1560,a1702
a1706,a1567
a1567,a1706
a1706,a1757
a1757,a1706
a1942,a1573
a1573,a1942
a1854,a1596
a1596,a1854
a1854,a867
a867,a1854
a1854,a1268
a1268,a1854
a1854,a1138
a1138,a1854
a1603,a1601
a1601,a1603
a1603,a1142
a1142,a1603
a1798,a1601
a1601,a1798
a1798,a894
a894,a1798
a1774,a1620
a1620,a1774
a1774,a1037
a1037,a1774
a1774,a430
a430,a1774
a1774,a1350
a1350,a1774
a1799,a1620
a1620,a1799
a1938,a1620
a1620,a1938
a1701,a1656
a1656,a1701
a1701,a1017
a1017,a1701
a1674,a1666
a1666,a1674
a1674,a1473
a1473,a1674
a1805,a1670
a1670,a1805
a1709,a1687
a1687,a1709
a1775,a1689
a1689,a1775
a1775,a1369
a1369,a1775
a1775,a1826
a1826,a1775
a1921,a1699
a1699,a1921
a1921,a1426
a1426,a1921
a1780,a1700
a1700,a1780
a1932,a1746
a1746,a1932
a1976,a1750
a1750,a1976
a1976,a1568
a1568,a1976
a1863,a1757
a1757,a1863
a1797,a1764
a1764,a1797
a1902,a1780
a1780,a1902
a1987,a1792
a1792,a1987
a1909,a1836
a1836,a1909
a1909,a811
a811,a1909
a1909,a675
a675,a1909
a1996,a1937
a1937,a1996
