v0,v116
v116,v0
v0,v95
v95,v0
v0,v28
v28,v0
v0,v3
v3,v0
v0,v12
v12,v0
v0,v50
v50,v0
v0,v183
v183,v0
v0,v29
v29,v0
v0,v54
v54,v0
v0,v33
v33,v0
v0,v6
v6,v0
v0,v87
v87,v0
v0,v120
v120,v0
v0,v56
v56,v0
v0,v2
v2,v0
v0,v145
v145,v0
v0,v83
v83,v0
v0,v89
v89,v0
v0,v134
v134,v0
v0,v115
v115,v0
v1,v52
v52,v1
v1,v125
v125,v1
v1,v21
v21,v1
v1,v62
v62,v1
v1,v44
v44,v1
v1,v73
v73,v1
v1,v192
v192,v1
v1,v11
v11,v1
v1,v124
v124,v1
v1,v3
v3,v1
v1,v72
v72,v1
v1,v141
v141,v1
v1,v24
v24,v1
v1,v167
v167,v1
v1,v161
v161,v1
v1,v145
v145,v1
v1,v156
v156,v1
v1,v102
v102,v1
v1,v88
v88,v1
v1,v8
v8,v1
v2,v117
v117,v2
v2,v103
v103,v2
v2,v121
v121,v2
v2,v119
v119,v2
v2,v104
v104,v2
v2,v111
v111,v2
v2,v137
v137,v2
v2,v115
v115,v2
v2,v150
v150,v2
v2,v136
v136,v2
v2,v67
v67,v2
v2,v145
v145,v2
v2,v18
v18,v2
v2,v27
v27,v2
v2,v122
v122,v2
v2,v147
v147,v2
v2,v131
v131,v2
v2,v108
v108,v2
v2,v14
v14,v2
v2,v24
v24,v2
v3,v54
v54,v3
v3,v67
v67,v3
v3,v106
v106,v3
v3,v184
v184,v3
v3,v115
v115,v3
v3,v20
v20,v3
v3,v19
v19,v3
v3,v122
v122,v3
v3,v41
v41,v3
v3,v90
v90,v3
v3,v102
v102,v3
v3,v81
v81,v3
v3,v121
v121,v3
v3,v99
v99,v3
v3,v72
v72,v3
v3,v110
v110,v3
v3,v32
v32,v3
v3,v142
v142,v3
v3,v144
v144,v3
v3,v145
v145,v3
v4,v155
v155,v4
v4,v41
v41,v4
v4,v152
v152,v4
v4,v71
v71,v4
v4,v197
v197,v4
v4,v84
v84,v4
v4,v80
v80,v4
v4,v15
v15,v4
v4,v34
v34,v4
v4,v171
v171,v4
v4,v191
v191,v4
v4,v162
v162,v4
v4,v174
v174,v4
v4,v181
v181,v4
v4,v72
v72,v4
v4,v16
v16,v4
v4,v185
v185,v4
v4,v125
v125,v4
v4,v78
v78,v4
v4,v81
v81,v4
v5,v88
v88,v5
v5,v85
v85,v5
v5,v196
v196,v5
v5,v108
v108,v5
v5,v74
v74,v5
v5,v152
v152,v5
v5,v58
v58,v5
v5,v132
v132,v5
v5,v115
v115,v5
v5,v113
v113,v5
v5,v106
v106,v5
v5,v105
v105,v5
v5,v127
v127,v5
v5,v44
v44,v5
v5,v107
v107,v5
v5,v67
v67,v5
v5,v181
v181,v5
v5,v149
v149,v5
v5,v86
v86,v5
v5,v15
v15,v5
v6,v114
v114,v6
v6,v142
v142,v6
v6,v138
v138,v6
v6,v101
v101,v6
v6,v105
v105,v6
v6,v10
v10,v6
v6,v175
v175,v6
v6,v27
v27,v6
v6,v111
v111,v6
v6,v21
v21,v6
v6,v123
v123,v6
v6,v32
v32,v6
v6,v18
v18,v6
v6,v40
v40,v6
v6,v191
v191,v6
v6,v19
v19,v6
v6,v54
v54,v6
v6,v106
v106,v6
v6,v33
v33,v6
v6,v127
v127,v6
v7,v117
v117,v7
v7,v60
v60,v7
v7,v53
v53,v7
v7,v29
v29,v7
v7,v69
v69,v7
v7,v36
v36,v7
v7,v51
v51,v7
v7,v88
v88,v7
v7,v138
v138,v7
v7,v119
v119,v7
v7,v104
v104,v7
v7,v87
v87,v7
v7,v62
v62,v7
v7,v142
v142,v7
v7,v50
v50,v7
v7,v134
v134,v7
v7,v124
v124,v7
v7,v155
v155,v7
v7,v26
v26,v7
v7,v8
v8,v7
v8,v10
v10,v8
v8,v121
v121,v8
v8,v161
v161,v8
v8,v68
v68,v8
v8,v28
v28,v8
v8,v166
v166,v8
v8,v21
v21,v8
v8,v186
v186,v8
v8,v126
v126,v8
v8,v35
v35,v8
v8,v20
v20,v8
v8,v23
v23,v8
v8,v183
v183,v8
v8,v111
v111,v8
v8,v199
v199,v8
v8,v39
v39,v8
v8,v132
v132,v8
v8,v142
v142,v8
v8,v41
v41,v8
v8,v107
v107,v8
v9,v151
v151,v9
v9,v80
v80,v9
v9,v63
v63,v9
v9,v17
v17,v9
v9,v85
v85,v9
v9,v72
v72,v9
v9,v91
v91,v9
v9,v67
v67,v9
v9,v89
v89,v9
v9,v75
v75,v9
v9,v94
v94,v9
v9,v24
v24,v9
v9,v101
v101,v9
v9,v51
v51,v9
v9,v10
v10,v9
v9,v90
v90,v9
v9,v82
v82,v9
v9,v83
v83,v9
v9,v15
v15,v9
v9,v61
v61,v9
v10,v152
v152,v10
v10,v148
v148,v10
v10,v112
v112,v10
v10,v168
v168,v10
v10,v114
v114,v10
v10,v131
v131,v10
v10,v118
v118,v10
v10,v146
v146,v10
v10,v119
v119,v10
v10,v132
v132,v10
v10,v84
v84,v10
v10,v120
v120,v10
v10,v39
v39,v10
v10,v109
v109,v10
v10,v11
v11,v10
v10,v144
v144,v10
v10,v22
v22,v10
v10,v37
v37,v10
v10,v46
v46,v10
v10,v40
v40,v10
v11,v83
v83,v11
v11,v66
v66,v11
v11,v28
v28,v11
v11,v19
v19,v11
v11,v97
v97,v11
v11,v17
v17,v11
v11,v57
v57,v11
v11,v70
v70,v11
v11,v55
v55,v11
v11,v62
v62,v11
v11,v53
v53,v11
v11,v84
v84,v11
v11,v93
v93,v11
v11,v21
v21,v11
v11,v34
v34,v11
v11,v153
v153,v11
v11,v173
v173,v11
v11,v193
v193,v11
v11,v179
v179,v11
v11,v13
v13,v11
v12,v71
v71,v12
v12,v88
v88,v12
v12,v184
v184,v12
v12,v155
v155,v12
v12,v194
v194,v12
v12,v169
v169,v12
v12,v181
v181,v12
v12,v179
v179,v12
v12,v154
v154,v12
v12,v162
v162,v12
v12,v176
v176,v12
v12,v190
v190,v12
v12,v97
v97,v12
v12,v196
v196,v12
v12,v118
v118,v12
v12,v89
v89,v12
v12,v122
v122,v12
v12,v66
v66,v12
v12,v69
v69,v12
v12,v64
v64,v12
v13,v88
v88,v13
v13,v180
v180,v13
v13,v135
v135,v13
v13,v120
v120,v13
v13,v115
v115,v13
v13,v143
v143,v13
v13,v157
v157,v13
v13,v31
v31,v13
v13,v54
v54,v13
v13,v184
v184,v13
v13,v182
v182,v13
v13,v161
v161,v13
v13,v66
v66,v13
v13,v158
v158,v13
v13,v147
v147,v13
v13,v192
v192,v13
v13,v99
v99,v13
v13,v93
v93,v13
v13,v40
v40,v13
v13,v71
v71,v13
v14,v142
v142,v14
v14,v123
v123,v14
v14,v116
v116,v14
v14,v158
v158,v14
v14,v125
v125,v14
v14,v112
v112,v14
v14,v109
v109,v14
v14,v113
v113,v14
v14,v152
v152,v14
v14,v115
v115,v14
v14,v166
v166,v14
v14,v197
v197,v14
v14,v175
v175,v14
v14,v178
v178,v14
v14,v139
v139,v14
v14,v186
v186,v14
v14,v149
v149,v14
v14,v110
v110,v14
v14,v162
v162,v14
v14,v122
v122,v14
v15,v167
v167,v15
v15,v66
v66,v15
v15,v22
v22,v15
v15,v21
v21,v15
v15,v38
v38,v15
v15,v173
v173,v15
v15,v161
v161,v15
v15,v65
v65,v15
v15,v111
v111,v15
v15,v59
v59,v15
v15,v44
v44,v15
v15,v135
v135,v15
v15,v67
v67,v15
v15,v90
v90,v15
v15,v146
v146,v15
v15,v186
v186,v15
v15,v33
v33,v15
v15,v57
v57,v15
v15,v145
v145,v15
v15,v196
v196,v15
v16,v112
v112,v16
v16,v181
v181,v16
v16,v120
v120,v16
v16,v177
v177,v16
v16,v153
v153,v16
v16,v157
v157,v16
v16,v122
v122,v16
v16,v170
v170,v16
v16,v136
v136,v16
v16,v144
v144,v16
v16,v148
v148,v16
v16,v166
v166,v16
v16,v129
v129,v16
v16,v128
v128,v16
v16,v161
v161,v16
v16,v155
v155,v16
v16,v78
v78,v16
v16,v35
v35,v16
v16,v111
v111,v16
v16,v173
v173,v16
v17,v146
v146,v17
v17,v92
v92,v17
v17,v83
v83,v17
v17,v20
v20,v17
v17,v30
v30,v17
v17,v76
v76,v17
v17,v87
v87,v17
v17,v37
v37,v17
v17,v53
v53,v17
v17,v33
v33,v17
v17,v36
v36,v17
v17,v47
v47,v17
v17,v89
v89,v17
v17,v44
v44,v17
v17,v67
v67,v17
v17,v95
v95,v17
v17,v69
v69,v17
v17,v91
v91,v17
v17,v82
v82,v17
v17,v28
v28,v17
v18,v22
v22,v18
v18,v129
v129,v18
v18,v71
v71,v18
v18,v30
v30,v18
v18,v79
v79,v18
v18,v97
v97,v18
v18,v70
v70,v18
v18,v93
v93,v18
v18,v83
v83,v18
v18,v185
v185,v18
v18,v23
v23,v18
v18,v38
v38,v18
v18,v152
v152,v18
v18,v24
v24,v18
v18,v187
v187,v18
v18,v196
v196,v18
v18,v178
v178,v18
v18,v42
v42,v18
v18,v156
v156,v18
v18,v44
v44,v18
v19,v110
v110,v19
v19,v64
v64,v19
v19,v123
v123,v19
v19,v49
v49,v19
v19,v44
v44,v19
v19,v45
v45,v19
v19,v56
v56,v19
v19,v34
v34,v19
v19,v153
v153,v19
v19,v111
v111,v19
v19,v98
v98,v19
v19,v127
v127,v19
v19,v130
v130,v19
v19,v115
v115,v19
v19,v95
v95,v19
v19,v157
v157,v19
v19,v105
v105,v19
v19,v198
v198,v19
v19,v89
v89,v19
v19,v61
v61,v19
v20,v156
v156,v20
v20,v157
v157,v20
v20,v146
v146,v20
v20,v153
v153,v20
v20,v114
v114,v20
v20,v113
v113,v20
v20,v144
v144,v20
v20,v131
v131,v20
v20,v139
v139,v20
v20,v177
v177,v20
v20,v155
v155,v20
v20,v138
v138,v20
v20,v121
v121,v20
v20,v199
v199,v20
v20,v57
v57,v20
v20,v109
v109,v20
v20,v187
v187,v20
v20,v30
v30,v20
v20,v64
v64,v20
v20,v32
v32,v20
v21,v75
v75,v21
v21,v70
v70,v21
v21,v101
v101,v21
v21,v129
v129,v21
v21,v99
v99,v21
v21,v112
v112,v21
v21,v108
v108,v21
v21,v136
v136,v21
v21,v85
v85,v21
v21,v78
v78,v21
v21,v73
v73,v21
v21,v135
v135,v21
v21,v80
v80,v21
v21,v139
v139,v21
v21,v42
v42,v21
v21,v110
v110,v21
v21,v123
v123,v21
v21,v107
v107,v21
v21,v65
v65,v21
v21,v36
v36,v21
v22,v101
v101,v22
v22,v68
v68,v22
v22,v79
v79,v22
v22,v61
v61,v22
v22,v164
v164,v22
v22,v165
v165,v22
v22,v159
v159,v22
v22,v116
v116,v22
v22,v34
v34,v22
v22,v28
v28,v22
v22,v83
v83,v22
v22,v118
v118,v22
v22,v46
v46,v22
v22,v166
v166,v22
v22,v181
v181,v22
v22,v69
v69,v22
v22,v182
v182,v22
v22,v42
v42,v22
v22,v47
v47,v22
v22,v144
v144,v22
v23,v123
v123,v23
v23,v122
v122,v23
v23,v35
v35,v23
v23,v27
v27,v23
v23,v126
v126,v23
v23,v25
v25,v23
v23,v37
v37,v23
v23,v194
v194,v23
v23,v56
v56,v23
v23,v38
v38,v23
v23,v153
v153,v23
v23,v24
v24,v23
v23,v79
v79,v23
v23,v139
v139,v23
v23,v85
v85,v23
v23,v135
v135,v23
v23,v51
v51,v23
v23,v163
v163,v23
v23,v187
v187,v23
v23,v125
v125,v23
v24,v125
v125,v24
v24,v123
v123,v24
v24,v164
v164,v24
v24,v159
v159,v24
v24,v176
v176,v24
v24,v187
v187,v24
v24,v197
v197,v24
v24,v193
v193,v24
v24,v195
v195,v24
v24,v156
v156,v24
v24,v174
v174,v24
v24,v188
v188,v24
v24,v103
v103,v24
v24,v150
v150,v24
v24,v69
v69,v24
v24,v106
v106,v24
v24,v171
v171,v24
v24,v57
v57,v24
v24,v107
v107,v24
v24,v36
v36,v24
v25,v52
v52,v25
v25,v43
v43,v25
v25,v72
v72,v25
v25,v148
v148,v25
v25,v78
v78,v25
v25,v29
v29,v25
v25,v53
v53,v25
v25,v124
v124,v25
v25,v40
v40,v25
v25,v32
v32,v25
v25,v117
v117,v25
v25,v116
v116,v25
v25,v151
v151,v25
v25,v136
v136,v25
v25,v122
v122,v25
v25,v28
v28,v25
v25,v50
v50,v25
v25,v95
v95,v25
v25,v46
v46,v25
v25,v137
v137,v25
v26,v150
v150,v26
v26,v68
v68,v26
v26,v38
v38,v26
v26,v34
v34,v26
v26,v73
v73,v26
v26,v113
v113,v26
v26,v40
v40,v26
v26,v77
v77,v26
v26,v27
v27,v26
v26,v62
v62,v26
v26,v109
v109,v26
v26,v75
v75,v26
v26,v92
v92,v26
v26,v64
v64,v26
v26,v36
v36,v26
v26,v87
v87,v26
v26,v78
v78,v26
v26,v28
v28,v26
v26,v29
v29,v26
v26,v95
v95,v26
v27,v58
v58,v27
v27,v95
v95,v27
v27,v35
v35,v27
v27,v61
v61,v27
v27,v78
v78,v27
v27,v31
v31,v27
v27,v33
v33,v27
v27,v114
v114,v27
v27,v115
v115,v27
v27,v151
v151,v27
v27,v34
v34,v27
v27,v137
v137,v27
v27,v86
v86,v27
v27,v75
v75,v27
v27,v108
v108,v27
v27,v39
v39,v27
v27,v50
v50,v27
v27,v134
v134,v27
v27,v57
v57,v27
v27,v100
v100,v27
v28,v40
v40,v28
v28,v95
v95,v28
v28,v99
v99,v28
v28,v163
v163,v28
v28,v68
v68,v28
v28,v43
v43,v28
v28,v157
v157,v28
v28,v146
v146,v28
v28,v142
v142,v28
v28,v111
v111,v28
v28,v138
v138,v28
v28,v122
v122,v28
v28,v32
v32,v28
v28,v117
v117,v28
v28,v144
v144,v28
v28,v79
v79,v28
v28,v101
v101,v28
v28,v91
v91,v28
v28,v34
v34,v28
v28,v173
v173,v28
v29,v95
v95,v29
v29,v121
v121,v29
v29,v84
v84,v29
v29,v78
v78,v29
v29,v97
v97,v29
v29,v37
v37,v29
v29,v90
v90,v29
v29,v88
v88,v29
v29,v101
v101,v29
v29,v188
v188,v29
v29,v36
v36,v29
v29,v143
v143,v29
v29,v49
v49,v29
v29,v120
v120,v29
v29,v69
v69,v29
v29,v98
v98,v29
v29,v156
v156,v29
v29,v39
v39,v29
v29,v128
v128,v29
v29,v151
v151,v29
v30,v68
v68,v30
v30,v37
v37,v30
v30,v39
v39,v30
v30,v41
v41,v30
v30,v50
v50,v30
v30,v42
v42,v30
v30,v64
v64,v30
v30,v102
v102,v30
v30,v53
v53,v30
v30,v65
v65,v30
v30,v76
v76,v30
v30,v49
v49,v30
v30,v33
v33,v30
v30,v99
v99,v30
v30,v113
v113,v30
v30,v75
v75,v30
v30,v58
v58,v30
v30,v48
v48,v30
v30,v63
v63,v30
v30,v110
v110,v30
v31,v51
v51,v31
v31,v89
v89,v31
v31,v180
v180,v31
v31,v173
v173,v31
v31,v172
v172,v31
v31,v43
v43,v31
v31,v37
v37,v31
v31,v66
v66,v31
v31,v35
v35,v31
v31,v58
v58,v31
v31,v134
v134,v31
v31,v124
v124,v31
v31,v135
v135,v31
v31,v52
v52,v31
v31,v79
v79,v31
v31,v36
v36,v31
v31,v94
v94,v31
v31,v98
v98,v31
v31,v102
v102,v31
v31,v93
v93,v31
v32,v89
v89,v32
v32,v192
v192,v32
v32,v48
v48,v32
v32,v146
v146,v32
v32,v57
v57,v32
v32,v126
v126,v32
v32,v133
v133,v32
v32,v66
v66,v32
v32,v130
v130,v32
v32,v156
v156,v32
v32,v73
v73,v32
v32,v142
v142,v32
v32,v145
v145,v32
v32,v147
v147,v32
v32,v39
v39,v32
v32,v137
v137,v32
v32,v47
v47,v32
v32,v72
v72,v32
v32,v64
v64,v32
v32,v74
v74,v32
v33,v73
v73,v33
v33,v176
v176,v33
v33,v134
v134,v33
v33,v173
v173,v33
v33,v192
v192,v33
v33,v184
v184,v33
v33,v148
v148,v33
v33,v133
v133,v33
v33,v158
v158,v33
v33,v145
v145,v33
v33,v195
v195,v33
v33,v172
v172,v33
v33,v152
v152,v33
v33,v186
v186,v33
v33,v188
v188,v33
v33,v190
v190,v33
v33,v88
v88,v33
v33,v63
v63,v33
v33,v124
v124,v33
v33,v44
v44,v33
v34,v139
v139,v34
v34,v165
v165,v34
v34,v150
v150,v34
v34,v153
v153,v34
v34,v126
v126,v34
v34,v158
v158,v34
v34,v178
v178,v34
v34,v141
v141,v34
v34,v180
v180,v34
v34,v97
v97,v34
v34,v85
v85,v34
v34,v123
v123,v34
v34,v70
v70,v34
v34,v193
v193,v34
v34,v48
v48,v34
v34,v105
v105,v34
v34,v199
v199,v34
v34,v197
v197,v34
v34,v152
v152,v34
v34,v118
v118,v34
v35,v99
v99,v35
v35,v190
v190,v35
v35,v174
v174,v35
v35,v84
v84,v35
v35,v80
v80,v35
v35,v195
v195,v35
v35,v125
v125,v35
v35,v133
v133,v35
v35,v168
v168,v35
v35,v97
v97,v35
v35,v93
v93,v35
v35,v79
v79,v35
v35,v104
v104,v35
v35,v192
v192,v35
v35,v98
v98,v35
v35,v137
v137,v35
v35,v102
v102,v35
v35,v151
v151,v35
v35,v166
v166,v35
v35,v148
v148,v35
v36,v117
v117,v36
v36,v56
v56,v36
v36,v68
v68,v36
v36,v49
v49,v36
v36,v60
v60,v36
v36,v128
v128,v36
v36,v52
v52,v36
v36,v65
v65,v36
v36,v41
v41,v36
v36,v132
v132,v36
v36,v136
v136,v36
v36,v43
v43,v36
v36,v77
v77,v36
v36,v157
v157,v36
v36,v113
v113,v36
v36,v72
v72,v36
v36,v87
v87,v36
v36,v101
v101,v36
v36,v172
v172,v36
v36,v64
v64,v36
v37,v46
v46,v37
v37,v106
v106,v37
v37,v38
v38,v37
v37,v78
v78,v37
v37,v61
v61,v37
v37,v192
v192,v37
v37,v186
v186,v37
v37,v199
v199,v37
v37,v162
v162,v37
v37,v149
v149,v37
v37,v89
v89,v37
v37,v90
v90,v37
v37,v177
v177,v37
v37,v184
v184,v37
v37,v103
v103,v37
v37,v147
v147,v37
v37,v88
v88,v37
v37,v124
v124,v37
v37,v198
v198,v37
v37,v77
v77,v37
v38,v82
v82,v38
v38,v121
v121,v38
v38,v181
v181,v38
v38,v144
v144,v38
v38,v142
v142,v38
v38,v128
v128,v38
v38,v154
v154,v38
v38,v123
v123,v38
v38,v195
v195,v38
v38,v150
v150,v38
v38,v124
v124,v38
v38,v178
v178,v38
v38,v45
v45,v38
v38,v161
v161,v38
v38,v173
v173,v38
v38,v134
v134,v38
v38,v71
v71,v38
v38,v79
v79,v38
v38,v72
v72,v38
v38,v108
v108,v38
v39,v45
v45,v39
v39,v189
v189,v39
v39,v196
v196,v39
v39,v108
v108,v39
v39,v134
v134,v39
v39,v88
v88,v39
v39,v109
v109,v39
v39,v141
v141,v39
v39,v125
v125,v39
v39,v112
v112,v39
v39,v117
v117,v39
v39,v100
v100,v39
v39,v102
v102,v39
v39,v187
v187,v39
v39,v115
v115,v39
v39,v85
v85,v39
v39,v89
v89,v39
v39,v156
v156,v39
v39,v42
v42,v39
v39,v41
v41,v39
v40,v41
v41,v40
v40,v133
v133,v40
v40,v117
v117,v40
v40,v68
v68,v40
v40,v148
v148,v40
v40,v77
v77,v40
v40,v122
v122,v40
v40,v139
v139,v40
v40,v147
v147,v40
v40,v101
v101,v40
v40,v140
v140,v40
v40,v44
v44,v40
v40,v153
v153,v40
v40,v109
v109,v40
v40,v158
v158,v40
v40,v160
v160,v40
v40,v85
v85,v40
v40,v60
v60,v40
v40,v137
v137,v40
v40,v87
v87,v40
v41,v117
v117,v41
v41,v132
v132,v41
v41,v42
v42,v41
v41,v71
v71,v41
v41,v43
v43,v41
v41,v62
v62,v41
v41,v74
v74,v41
v41,v70
v70,v41
v41,v81
v81,v41
v41,v53
v53,v41
v41,v47
v47,v41
v41,v69
v69,v41
v41,v56
v56,v41
v41,v80
v80,v41
v41,v61
v61,v41
v41,v73
v73,v41
v41,v103
v103,v41
v41,v46
v46,v41
v41,v114
v114,v41
v41,v54
v54,v41
v42,v194
v194,v42
v42,v155
v155,v42
v42,v151
v151,v42
v42,v157
v157,v42
v42,v159
v159,v42
v42,v154
v154,v42
v42,v146
v146,v42
v42,v136
v136,v42
v42,v161
v161,v42
v42,v140
v140,v42
v42,v52
v52,v42
v42,v59
v59,v42
v42,v129
v129,v42
v42,v153
v153,v42
v42,v103
v103,v42
v42,v142
v142,v42
v42,v152
v152,v42
v42,v109
v109,v42
v42,v63
v63,v42
v42,v56
v56,v42
v43,v186
v186,v43
v43,v86
v86,v43
v43,v163
v163,v43
v43,v174
v174,v43
v43,v83
v83,v43
v43,v47
v47,v43
v43,v117
v117,v43
v43,v180
v180,v43
v43,v134
v134,v43
v43,v182
v182,v43
v43,v179
v179,v43
v43,v88
v88,v43
v43,v60
v60,v43
v43,v188
v188,v43
v43,v97
v97,v43
v43,v185
v185,v43
v43,v56
v56,v43
v43,v76
v76,v43
v43,v61
v61,v43
v43,v162
v162,v43
v44,v106
v106,v44
v44,v127
v127,v44
v44,v159
v159,v44
v44,v81
v81,v44
v44,v91
v91,v44
v44,v137
v137,v44
v44,v102
v102,v44
v44,v66
v66,v44
v44,v167
v167,v44
v44,v164
v164,v44
v44,v52
v52,v44
v44,v71
v71,v44
v44,v76
v76,v44
v44,v138
v138,v44
v44,v122
v122,v44
v44,v84
v84,v44
v44,v49
v49,v44
v44,v172
v172,v44
v44,v151
v151,v44
v44,v100
v100,v44
v45,v77
v77,v45
v45,v95
v95,v45
v45,v86
v86,v45
v45,v88
v88,v45
v45,v100
v100,v45
v45,v120
v120,v45
v45,v69
v69,v45
v45,v80
v80,v45
v45,v47
v47,v45
v45,v122
v122,v45
v45,v83
v83,v45
v45,v65
v65,v45
v45,v72
v72,v45
v45,v138
v138,v45
v45,v93
v93,v45
v45,v132
v132,v45
v45,v142
v142,v45
v45,v85
v85,v45
v45,v116
v116,v45
v45,v154
v154,v45
v46,v194
v194,v46
v46,v144
v144,v46
v46,v134
v134,v46
v46,v142
v142,v46
v46,v140
v140,v46
v46,v172
v172,v46
v46,v132
v132,v46
v46,v176
v176,v46
v46,v155
v155,v46
v46,v164
v164,v46
v46,v160
v160,v46
v46,v189
v189,v46
v46,v148
v148,v46
v46,v163
v163,v46
v46,v143
v143,v46
v46,v183
v183,v46
v46,v154
v154,v46
v46,v175
v175,v46
v46,v165
v165,v46
v46,v173
v173,v46
v47,v117
v117,v47
v47,v167
v167,v47
v47,v154
v154,v47
v47,v146
v146,v47
v47,v54
v54,v47
v47,v49
v49,v47
v47,v69
v69,v47
v47,v131
v131,v47
v47,v147
v147,v47
v47,v86
v86,v47
v47,v88
v88,v47
v47,v73
v73,v47
v47,v136
v136,v47
v47,v91
v91,v47
v47,v65
v65,v47
v47,v143
v143,v47
v47,v168
v168,v47
v47,v198
v198,v47
v47,v197
v197,v47
v47,v159
v159,v47
v48,v153
v153,v48
v48,v64
v64,v48
v48,v115
v115,v48
v48,v52
v52,v48
v48,v178
v178,v48
v48,v135
v135,v48
v48,v131
v131,v48
v48,v65
v65,v48
v48,v158
v158,v48
v48,v146
v146,v48
v48,v142
v142,v48
v48,v63
v63,v48
v48,v139
v139,v48
v48,v126
v126,v48
v48,v150
v150,v48
v48,v87
v87,v48
v48,v85
v85,v48
v48,v128
v128,v48
v48,v78
v78,v48
v48,v129
v129,v48
v49,v175
v175,v49
v49,v54
v54,v49
v49,v102
v102,v49
v49,v60
v60,v49
v49,v61
v61,v49
v49,v98
v98,v49
v49,v84
v84,v49
v49,v112
v112,v49
v49,v110
v110,v49
v49,v67
v67,v49
v49,v63
v63,v49
v49,v122
v122,v49
v49,v100
v100,v49
v49,v79
v79,v49
v49,v115
v115,v49
v49,v77
v77,v49
v49,v99
v99,v49
v49,v55
v55,v49
v49,v114
v114,v49
v49,v117
v117,v49
v50,v58
v58,v50
v50,v168
v168,v50
v50,v142
v142,v50
v50,v150
v150,v50
v50,v134
v134,v50
v50,v127
v127,v50
v50,v136
v136,v50
v50,v163
v163,v50
v50,v76
v76,v50
v50,v144
v144,v50
v50,v86
v86,v50
v50,v162
v162,v50
v50,v94
v94,v50
v50,v104
v104,v50
v50,v74
v74,v50
v50,v108
v108,v50
v50,v149
v149,v50
v50,v133
v133,v50
v50,v52
v52,v50
v50,v51
v51,v50
v51,v102
v102,v51
v51,v188
v188,v51
v51,v60
v60,v51
v51,v109
v109,v51
v51,v67
v67,v51
v51,v103
v103,v51
v51,v163
v163,v51
v51,v178
v178,v51
v51,v167
v167,v51
v51,v123
v123,v51
v51,v105
v105,v51
v51,v168
v168,v51
v51,v110
v110,v51
v51,v155
v155,v51
v51,v73
v73,v51
v51,v194
v194,v51
v51,v71
v71,v51
v51,v89
v89,v51
v51,v101
v101,v51
v51,v197
v197,v51
v52,v188
v188,v52
v52,v177
v177,v52
v52,v194
v194,v52
v52,v171
v171,v52
v52,v142
v142,v52
v52,v170
v170,v52
v52,v164
v164,v52
v52,v173
v173,v52
v52,v191
v191,v52
v52,v155
v155,v52
v52,v128
v128,v52
v52,v183
v183,v52
v52,v176
v176,v52
v52,v181
v181,v52
v52,v195
v195,v52
v52,v127
v127,v52
v52,v154
v154,v52
v52,v175
v175,v52
v52,v197
v197,v52
v52,v198
v198,v52
v53,v190
v190,v53
v53,v65
v65,v53
v53,v119
v119,v53
v53,v69
v69,v53
v53,v122
v122,v53
v53,v94
v94,v53
v53,v127
v127,v53
v53,v130
v130,v53
v53,v156
v156,v53
v53,v98
v98,v53
v53,v66
v66,v53
v53,v125
v125,v53
v53,v61
v61,v53
v53,v161
v161,v53
v53,v129
v129,v53
v53,v102
v102,v53
v53,v54
v54,v53
v53,v149
v149,v53
v53,v146
v146,v53
v53,v62
v62,v53
v54,v136
v136,v54
v54,v129
v129,v54
v54,v133
v133,v54
v54,v142
v142,v54
v54,v169
v169,v54
v54,v149
v149,v54
v54,v194
v194,v54
v54,v151
v151,v54
v54,v130
v130,v54
v54,v160
v160,v54
v54,v165
v165,v54
v54,v137
v137,v54
v54,v168
v168,v54
v54,v145
v145,v54
v54,v139
v139,v54
v54,v78
v78,v54
v54,v138
v138,v54
v54,v55
v55,v54
v54,v199
v199,v54
v54,v148
v148,v54
v55,v82
v82,v55
v55,v159
v159,v55
v55,v133
v133,v55
v55,v186
v186,v55
v55,v181
v181,v55
v55,v174
v174,v55
v55,v155
v155,v55
v55,v98
v98,v55
v55,v149
v149,v55
v55,v142
v142,v55
v55,v79
v79,v55
v55,v67
v67,v55
v55,v198
v198,v55
v55,v70
v70,v55
v55,v91
v91,v55
v55,v162
v162,v55
v55,v84
v84,v55
v55,v197
v197,v55
v55,v178
v178,v55
v55,v131
v131,v55
v56,v121
v121,v56
v56,v112
v112,v56
v56,v63
v63,v56
v56,v195
v195,v56
v56,v62
v62,v56
v56,v126
v126,v56
v56,v61
v61,v56
v56,v135
v135,v56
v56,v157
v157,v56
v56,v148
v148,v56
v56,v80
v80,v56
v56,v65
v65,v56
v56,v149
v149,v56
v56,v138
v138,v56
v56,v66
v66,v56
v56,v162
v162,v56
v56,v143
v143,v56
v56,v95
v95,v56
v56,v147
v147,v56
v56,v73
v73,v56
v57,v125
v125,v57
v57,v107
v107,v57
v57,v189
v189,v57
v57,v61
v61,v57
v57,v191
v191,v57
v57,v169
v169,v57
v57,v71
v71,v57
v57,v181
v181,v57
v57,v88
v88,v57
v57,v198
v198,v57
v57,v58
v58,v57
v57,v66
v66,v57
v57,v104
v104,v57
v57,v183
v183,v57
v57,v178
v178,v57
v57,v187
v187,v57
v57,v120
v120,v57
v57,v109
v109,v57
v57,v115
v115,v57
v57,v137
v137,v57
v58,v144
v144,v58
v58,v164
v164,v58
v58,v140
v140,v58
v58,v149
v149,v58
v58,v161
v161,v58
v58,v178
v178,v58
v58,v167
v167,v58
v58,v131
v131,v58
v58,v148
v148,v58
v58,v156
v156,v58
v58,v145
v145,v58
v58,v190
v190,v58
v58,v168
v168,v58
v58,v166
v166,v58
v58,v146
v146,v58
v58,v152
v152,v58
v58,v180
v180,v58
v58,v169
v169,v58
v58,v184
v184,v58
v58,v60
v60,v58
v59,v177
v177,v59
v59,v130
v130,v59
v59,v105
v105,v59
v59,v110
v110,v59
v59,v137
v137,v59
v59,v153
v153,v59
v59,v144
v144,v59
v59,v140
v140,v59
v59,v131
v131,v59
v59,v172
v172,v59
v59,v151
v151,v59
v59,v147
v147,v59
v59,v98
v98,v59
v59,v166
v166,v59
v59,v180
v180,v59
v59,v88
v88,v59
v59,v197
v197,v59
v59,v132
v132,v59
v59,v85
v85,v59
v59,v187
v187,v59
v60,v101
v101,v60
v60,v99
v99,v60
v60,v154
v154,v60
v60,v125
v125,v60
v60,v98
v98,v60
v60,v120
v120,v60
v60,v127
v127,v60
v60,v70
v70,v60
v60,v173
v173,v60
v60,v113
v113,v60
v60,v92
v92,v60
v60,v152
v152,v60
v60,v175
v175,v60
v60,v165
v165,v60
v60,v134
v134,v60
v60,v167
v167,v60
v60,v97
v97,v60
v60,v103
v103,v60
v60,v94
v94,v60
v60,v160
v160,v60
v61,v133
v133,v61
v61,v142
v142,v61
v61,v143
v143,v61
v61,v157
v157,v61
v61,v163
v163,v61
v61,v166
v166,v61
v61,v134
v134,v61
v61,v149
v149,v61
v61,v162
v162,v61
v61,v89
v89,v61
v61,v148
v148,v61
v61,v95
v95,v61
v61,v132
v132,v61
v61,v113
v113,v61
v61,v137
v137,v61
v61,v154
v154,v61
v61,v165
v165,v61
v61,v69
v69,v61
v61,v83
v83,v61
v61,v147
v147,v61
v62,v65
v65,v62
v62,v155
v155,v62
v62,v85
v85,v62
v62,v63
v63,v62
v62,v70
v70,v62
v62,v97
v97,v62
v62,v92
v92,v62
v62,v68
v68,v62
v62,v84
v84,v62
v62,v72
v72,v62
v62,v64
v64,v62
v62,v93
v93,v62
v62,v89
v89,v62
v62,v142
v142,v62
v62,v162
v162,v62
v62,v82
v82,v62
v62,v77
v77,v62
v62,v95
v95,v62
v62,v138
v138,v62
v62,v159
v159,v62
v63,v171
v171,v63
v63,v103
v103,v63
v63,v94
v94,v63
v63,v108
v108,v63
v63,v64
v64,v63
v63,v120
v120,v63
v63,v104
v104,v63
v63,v143
v143,v63
v63,v130
v130,v63
v63,v175
v175,v63
v63,v183
v183,v63
v63,v185
v185,v63
v63,v144
v144,v63
v63,v112
v112,v63
v63,v163
v163,v63
v63,v182
v182,v63
v63,v73
v73,v63
v63,v72
v72,v63
v63,v111
v111,v63
v63,v137
v137,v63
v64,v162
v162,v64
v64,v107
v107,v64
v64,v65
v65,v64
v64,v134
v134,v64
v64,v141
v141,v64
v64,v88
v88,v64
v64,v182
v182,v64
v64,v100
v100,v64
v64,v143
v143,v64
v64,v85
v85,v64
v64,v93
v93,v64
v64,v109
v109,v64
v64,v145
v145,v64
v64,v150
v150,v64
v64,v79
v79,v64
v64,v132
v132,v64
v64,v142
v142,v64
v64,v136
v136,v64
v64,v151
v151,v64
v64,v84
v84,v64
v65,v116
v116,v65
v65,v169
v169,v65
v65,v95
v95,v65
v65,v68
v68,v65
v65,v96
v96,v65
v65,v69
v69,v65
v65,v79
v79,v65
v65,v74
v74,v65
v65,v67
v67,v65
v65,v87
v87,v65
v65,v92
v92,v65
v65,v81
v81,v65
v65,v76
v76,v65
v65,v77
v77,v65
v65,v71
v71,v65
v65,v84
v84,v65
v65,v88
v88,v65
v65,v168
v168,v65
v65,v198
v198,v65
v65,v75
v75,v65
v66,v77
v77,v66
v66,v191
v191,v66
v66,v112
v112,v66
v66,v68
v68,v66
v66,v127
v127,v66
v66,v98
v98,v66
v66,v91
v91,v66
v66,v105
v105,v66
v66,v113
v113,v66
v66,v74
v74,v66
v66,v118
v118,v66
v66,v125
v125,v66
v66,v126
v126,v66
v66,v92
v92,v66
v66,v111
v111,v66
v66,v195
v195,v66
v66,v197
v197,v66
v66,v169
v169,v66
v66,v134
v134,v66
v66,v100
v100,v66
v67,v149
v149,v67
v67,v81
v81,v67
v67,v125
v125,v67
v67,v83
v83,v67
v67,v114
v114,v67
v67,v71
v71,v67
v67,v72
v72,v67
v67,v108
v108,v67
v67,v101
v101,v67
v67,v107
v107,v67
v67,v80
v80,v67
v67,v112
v112,v67
v67,v122
v122,v67
v67,v197
v197,v67
v67,v78
v78,v67
v67,v152
v152,v67
v67,v148
v148,v67
v67,v145
v145,v67
v67,v96
v96,v67
v67,v184
v184,v67
v68,v167
v167,v68
v68,v87
v87,v68
v68,v97
v97,v68
v68,v83
v83,v68
v68,v75
v75,v68
v68,v73
v73,v68
v68,v109
v109,v68
v68,v124
v124,v68
v68,v111
v111,v68
v68,v84
v84,v68
v68,v157
v157,v68
v68,v142
v142,v68
v68,v143
v143,v68
v68,v153
v153,v68
v68,v138
v138,v68
v68,v132
v132,v68
v68,v154
v154,v68
v68,v113
v113,v68
v68,v131
v131,v68
v68,v150
v150,v68
v69,v73
v73,v69
v69,v85
v85,v69
v69,v117
v117,v69
v69,v87
v87,v69
v69,v89
v89,v69
v69,v95
v95,v69
v69,v99
v99,v69
v69,v93
v93,v69
v69,v187
v187,v69
v69,v96
v96,v69
v69,v157
v157,v69
v69,v143
v143,v69
v69,v91
v91,v69
v69,v92
v92,v69
v69,v101
v101,v69
v69,v136
v136,v69
v69,v161
v161,v69
v69,v71
v71,v69
v69,v140
v140,v69
v69,v98
v98,v69
v70,v166
v166,v70
v70,v119
v119,v70
v70,v111
v111,v70
v70,v190
v190,v70
v70,v163
v163,v70
v70,v157
v157,v70
v70,v140
v140,v70
v70,v162
v162,v70
v70,v112
v112,v70
v70,v114
v114,v70
v70,v103
v103,v70
v70,v160
v160,v70
v70,v78
v78,v70
v70,v117
v117,v70
v70,v146
v146,v70
v70,v159
v159,v70
v70,v143
v143,v70
v70,v153
v153,v70
v70,v89
v89,v70
v70,v106
v106,v70
v71,v175
v175,v71
v71,v173
v173,v71
v71,v172
v172,v71
v71,v199
v199,v71
v71,v194
v194,v71
v71,v190
v190,v71
v71,v119
v119,v71
v71,v198
v198,v71
v71,v187
v187,v71
v71,v150
v150,v71
v71,v75
v75,v71
v71,v138
v138,v71
v71,v158
v158,v71
v71,v94
v94,v71
v71,v82
v82,v71
v71,v148
v148,v71
v71,v72
v72,v71
v71,v100
v100,v71
v71,v99
v99,v71
v71,v103
v103,v71
v72,v73
v73,v72
v72,v104
v104,v72
v72,v128
v128,v72
v72,v86
v86,v72
v72,v98
v98,v72
v72,v82
v82,v72
v72,v113
v113,v72
v72,v74
v74,v72
v72,v105
v105,v72
v72,v75
v75,v72
v72,v125
v125,v72
v72,v78
v78,v72
v72,v111
v111,v72
v72,v129
v129,v72
v72,v131
v131,v72
v72,v119
v119,v72
v72,v81
v81,v72
v72,v122
v122,v72
v72,v99
v99,v72
v72,v106
v106,v72
v73,v187
v187,v73
v73,v133
v133,v73
v73,v84
v84,v73
v73,v121
v121,v73
v73,v76
v76,v73
v73,v181
v181,v73
v73,v179
v179,v73
v73,v141
v141,v73
v73,v118
v118,v73
v73,v78
v78,v73
v73,v144
v144,v73
v73,v120
v120,v73
v73,v115
v115,v73
v73,v161
v161,v73
v73,v196
v196,v73
v73,v126
v126,v73
v73,v96
v96,v73
v73,v124
v124,v73
v73,v158
v158,v73
v73,v102
v102,v73
v74,v166
v166,v74
v74,v99
v99,v74
v74,v109
v109,v74
v74,v75
v75,v74
v74,v76
v76,v74
v74,v137
v137,v74
v74,v131
v131,v74
v74,v132
v132,v74
v74,v103
v103,v74
v74,v98
v98,v74
v74,v129
v129,v74
v74,v94
v94,v74
v74,v136
v136,v74
v74,v133
v133,v74
v74,v134
v134,v74
v74,v77
v77,v74
v74,v96
v96,v74
v74,v124
v124,v74
v74,v106
v106,v74
v74,v88
v88,v74
v75,v140
v140,v75
v75,v78
v78,v75
v75,v115
v115,v75
v75,v121
v121,v75
v75,v133
v133,v75
v75,v125
v125,v75
v75,v76
v76,v75
v75,v98
v98,v75
v75,v100
v100,v75
v75,v122
v122,v75
v75,v83
v83,v75
v75,v91
v91,v75
v75,v129
v129,v75
v75,v105
v105,v75
v75,v146
v146,v75
v75,v173
v173,v75
v75,v86
v86,v75
v75,v199
v199,v75
v75,v150
v150,v75
v75,v109
v109,v75
v76,v140
v140,v76
v76,v191
v191,v76
v76,v153
v153,v76
v76,v139
v139,v76
v76,v165
v165,v76
v76,v166
v166,v76
v76,v150
v150,v76
v76,v197
v197,v76
v76,v187
v187,v76
v76,v148
v148,v76
v76,v118
v118,v76
v76,v105
v105,v76
v76,v95
v95,v76
v76,v80
v80,v76
v76,v183
v183,v76
v76,v101
v101,v76
v76,v77
v77,v76
v76,v97
v97,v76
v76,v88
v88,v76
v76,v116
v116,v76
v77,v167
v167,v77
v77,v135
v135,v77
v77,v80
v80,v77
v77,v134
v134,v77
v77,v84
v84,v77
v77,v152
v152,v77
v77,v124
v124,v77
v77,v145
v145,v77
v77,v79
v79,v77
v77,v127
v127,v77
v77,v175
v175,v77
v77,v177
v177,v77
v77,v112
v112,v77
v77,v178
v178,v77
v77,v95
v95,v77
v77,v96
v96,v77
v77,v119
v119,v77
v77,v157
v157,v77
v77,v183
v183,v77
v77,v102
v102,v77
v78,v160
v160,v78
v78,v83
v83,v78
v78,v135
v135,v78
v78,v86
v86,v78
v78,v88
v88,v78
v78,v110
v110,v78
v78,v123
v123,v78
v78,v104
v104,v78
v78,v143
v143,v78
v78,v166
v166,v78
v78,v147
v147,v78
v78,v198
v198,v78
v78,v87
v87,v78
v78,v199
v199,v78
v78,v102
v102,v78
v78,v125
v125,v78
v78,v118
v118,v78
v78,v107
v107,v78
v78,v94
v94,v78
v78,v187
v187,v78
v79,v168
v168,v79
v79,v85
v85,v79
v79,v86
v86,v79
v79,v123
v123,v79
v79,v131
v131,v79
v79,v125
v125,v79
v79,v127
v127,v79
v79,v134
v134,v79
v79,v115
v115,v79
v79,v80
v80,v79
v79,v112
v112,v79
v79,v124
v124,v79
v79,v100
v100,v79
v79,v153
v153,v79
v79,v138
v138,v79
v79,v177
v177,v79
v79,v165
v165,v79
v79,v126
v126,v79
v79,v162
v162,v79
v79,v81
v81,v79
v80,v156
v156,v80
v80,v84
v84,v80
v80,v127
v127,v80
v80,v100
v100,v80
v80,v107
v107,v80
v80,v98
v98,v80
v80,v81
v81,v80
v80,v101
v101,v80
v80,v82
v82,v80
v80,v104
v104,v80
v80,v99
v99,v80
v80,v96
v96,v80
v80,v102
v102,v80
v80,v114
v114,v80
v80,v169
v169,v80
v80,v172
v172,v80
v80,v118
v118,v80
v80,v191
v191,v80
v80,v161
v161,v80
v80,v85
v85,v80
v81,v178
v178,v81
v81,v147
v147,v81
v81,v114
v114,v81
v81,v181
v181,v81
v81,v85
v85,v81
v81,v185
v185,v81
v81,v139
v139,v81
v81,v127
v127,v81
v81,v108
v108,v81
v81,v184
v184,v81
v81,v121
v121,v81
v81,v87
v87,v81
v81,v188
v188,v81
v81,v124
v124,v81
v81,v94
v94,v81
v81,v187
v187,v81
v81,v182
v182,v81
v81,v137
v137,v81
v81,v175
v175,v81
v81,v152
v152,v81
v82,v168
v168,v82
v82,v158
v158,v82
v82,v145
v145,v82
v82,v179
v179,v82
v82,v143
v143,v82
v82,v196
v196,v82
v82,v173
v173,v82
v82,v99
v99,v82
v82,v154
v154,v82
v82,v178
v178,v82
v82,v95
v95,v82
v82,v111
v111,v82
v82,v175
v175,v82
v82,v98
v98,v82
v82,v104
v104,v82
v82,v114
v114,v82
v82,v126
v126,v82
v82,v199
v199,v82
v82,v102
v102,v82
v82,v91
v91,v82
v83,v145
v145,v83
v83,v191
v191,v83
v83,v176
v176,v83
v83,v173
v173,v83
v83,v156
v156,v83
v83,v146
v146,v83
v83,v151
v151,v83
v83,v149
v149,v83
v83,v131
v131,v83
v83,v137
v137,v83
v83,v174
v174,v83
v83,v193
v193,v83
v83,v166
v166,v83
v83,v141
v141,v83
v83,v124
v124,v83
v83,v87
v87,v83
v83,v96
v96,v83
v83,v88
v88,v83
v83,v99
v99,v83
v83,v122
v122,v83
v84,v189
v189,v84
v84,v115
v115,v84
v84,v116
v116,v84
v84,v86
v86,v84
v84,v123
v123,v84
v84,v104
v104,v84
v84,v94
v94,v84
v84,v85
v85,v84
v84,v99
v99,v84
v84,v129
v129,v84
v84,v112
v112,v84
v84,v98
v98,v84
v84,v136
v136,v84
v84,v177
v177,v84
v84,v149
v149,v84
v84,v133
v133,v84
v84,v135
v135,v84
v84,v191
v191,v84
v84,v188
v188,v84
v84,v142
v142,v84
v85,v196
v196,v85
v85,v150
v150,v85
v85,v157
v157,v85
v85,v188
v188,v85
v85,v160
v160,v85
v85,v179
v179,v85
v85,v191
v191,v85
v85,v180
v180,v85
v85,v156
v156,v85
v85,v154
v154,v85
v85,v182
v182,v85
v85,v122
v122,v85
v85,v153
v153,v85
v85,v92
v92,v85
v85,v173
v173,v85
v85,v97
v97,v85
v85,v139
v139,v85
v85,v195
v195,v85
v85,v146
v146,v85
v85,v161
v161,v85
v86,v146
v146,v86
v86,v87
v87,v86
v86,v123
v123,v86
v86,v94
v94,v86
v86,v109
v109,v86
v86,v97
v97,v86
v86,v136
v136,v86
v86,v141
v141,v86
v86,v129
v129,v86
v86,v106
v106,v86
v86,v108
v108,v86
v86,v125
v125,v86
v86,v116
v116,v86
v86,v122
v122,v86
v86,v100
v100,v86
v86,v88
v88,v86
v86,v104
v104,v86
v86,v103
v103,v86
v86,v119
v119,v86
v86,v107
v107,v86
v87,v114
v114,v87
v87,v94
v94,v87
v87,v127
v127,v87
v87,v151
v151,v87
v87,v190
v190,v87
v87,v159
v159,v87
v87,v133
v133,v87
v87,v150
v150,v87
v87,v179
v179,v87
v87,v153
v153,v87
v87,v143
v143,v87
v87,v101
v101,v87
v87,v144
v144,v87
v87,v90
v90,v87
v87,v125
v125,v87
v87,v124
v124,v87
v87,v121
v121,v87
v87,v181
v181,v87
v87,v111
v111,v87
v87,v120
v120,v87
v88,v145
v145,v88
v88,v195
v195,v88
v88,v146
v146,v88
v88,v184
v184,v88
v88,v161
v161,v88
v88,v175
v175,v88
v88,v160
v160,v88
v88,v193
v193,v88
v88,v104
v104,v88
v88,v94
v94,v88
v88,v196
v196,v88
v88,v155
v155,v88
v88,v153
v153,v88
v88,v140
v140,v88
v88,v122
v122,v88
v88,v165
v165,v88
v88,v121
v121,v88
v88,v141
v141,v88
v88,v185
v185,v88
v88,v109
v109,v88
v89,v174
v174,v89
v89,v109
v109,v89
v89,v147
v147,v89
v89,v118
v118,v89
v89,v183
v183,v89
v89,v93
v93,v89
v89,v132
v132,v89
v89,v134
v134,v89
v89,v119
v119,v89
v89,v129
v129,v89
v89,v137
v137,v89
v89,v95
v95,v89
v89,v170
v170,v89
v89,v141
v141,v89
v89,v140
v140,v89
v89,v102
v102,v89
v89,v133
v133,v89
v89,v146
v146,v89
v89,v186
v186,v89
v89,v189
v189,v89
v90,v111
v111,v90
v90,v156
v156,v90
v90,v112
v112,v90
v90,v135
v135,v90
v90,v121
v121,v90
v90,v134
v134,v90
v90,v179
v179,v90
v90,v127
v127,v90
v90,v166
v166,v90
v90,v114
v114,v90
v90,v176
v176,v90
v90,v115
v115,v90
v90,v186
v186,v90
v90,v195
v195,v90
v90,v196
v196,v90
v90,v120
v120,v90
v90,v182
v182,v90
v90,v117
v117,v90
v90,v190
v190,v90
v90,v93
v93,v90
v91,v163
v163,v91
v91,v160
v160,v91
v91,v173
v173,v91
v91,v183
v183,v91
v91,v154
v154,v91
v91,v151
v151,v91
v91,v153
v153,v91
v91,v150
v150,v91
v91,v179
v179,v91
v91,v197
v197,v91
v91,v165
v165,v91
v91,v188
v188,v91
v91,v170
v170,v91
v91,v181
v181,v91
v91,v195
v195,v91
v91,v168
v168,v91
v91,v191
v191,v91
v91,v176
v176,v91
v91,v186
v186,v91
v91,v149
v149,v91
v92,v149
v149,v92
v92,v167
v167,v92
v92,v188
v188,v92
v92,v199
v199,v92
v92,v150
v150,v92
v92,v193
v193,v92
v92,v185
v185,v92
v92,v191
v191,v92
v92,v105
v105,v92
v92,v178
v178,v92
v92,v93
v93,v92
v92,v148
v148,v92
v92,v117
v117,v92
v92,v94
v94,v92
v92,v108
v108,v92
v92,v134
v134,v92
v92,v116
v116,v92
v92,v153
v153,v92
v92,v139
v139,v92
v92,v169
v169,v92
v93,v173
v173,v93
v93,v134
v134,v93
v93,v98
v98,v93
v93,v127
v127,v93
v93,v146
v146,v93
v93,v95
v95,v93
v93,v110
v110,v93
v93,v125
v125,v93
v93,v133
v133,v93
v93,v132
v132,v93
v93,v119
v119,v93
v93,v142
v142,v93
v93,v135
v135,v93
v93,v104
v104,v93
v93,v121
v121,v93
v93,v130
v130,v93
v93,v107
v107,v93
v93,v143
v143,v93
v93,v138
v138,v93
v93,v163
v163,v93
v94,v169
v169,v94
v94,v187
v187,v94
v94,v157
v157,v94
v94,v173
v173,v94
v94,v150
v150,v94
v94,v139
v139,v94
v94,v120
v120,v94
v94,v197
v197,v94
v94,v95
v95,v94
v94,v118
v118,v94
v94,v113
v113,v94
v94,v168
v168,v94
v94,v180
v180,v94
v94,v152
v152,v94
v94,v116
v116,v94
v94,v172
v172,v94
v94,v196
v196,v94
v94,v166
v166,v94
v94,v114
v114,v94
v94,v167
v167,v94
v95,v141
v141,v95
v95,v131
v131,v95
v95,v99
v99,v95
v95,v155
v155,v95
v95,v173
v173,v95
v95,v123
v123,v95
v95,v110
v110,v95
v95,v184
v184,v95
v95,v125
v125,v95
v95,v119
v119,v95
v95,v194
v194,v95
v95,v185
v185,v95
v95,v116
v116,v95
v95,v96
v96,v95
v95,v154
v154,v95
v95,v133
v133,v95
v95,v153
v153,v95
v95,v129
v129,v95
v95,v137
v137,v95
v95,v144
v144,v95
v96,v163
v163,v96
v96,v110
v110,v96
v96,v119
v119,v96
v96,v141
v141,v96
v96,v123
v123,v96
v96,v98
v98,v96
v96,v153
v153,v96
v96,v167
v167,v96
v96,v99
v99,v96
v96,v155
v155,v96
v96,v148
v148,v96
v96,v152
v152,v96
v96,v105
v105,v96
v96,v169
v169,v96
v96,v112
v112,v96
v96,v121
v121,v96
v96,v135
v135,v96
v96,v175
v175,v96
v96,v184
v184,v96
v96,v113
v113,v96
v97,v101
v101,v97
v97,v168
v168,v97
v97,v169
v169,v97
v97,v171
v171,v97
v97,v113
v113,v97
v97,v184
v184,v97
v97,v197
v197,v97
v97,v170
v170,v97
v97,v117
v117,v97
v97,v146
v146,v97
v97,v165
v165,v97
v97,v100
v100,v97
v97,v107
v107,v97
v97,v162
v162,v97
v97,v128
v128,v97
v97,v153
v153,v97
v97,v109
v109,v97
v97,v160
v160,v97
v97,v130
v130,v97
v97,v190
v190,v97
v98,v165
v165,v98
v98,v154
v154,v98
v98,v111
v111,v98
v98,v131
v131,v98
v98,v112
v112,v98
v98,v192
v192,v98
v98,v170
v170,v98
v98,v179
v179,v98
v98,v193
v193,v98
v98,v122
v122,v98
v98,v186
v186,v98
v98,v177
v177,v98
v98,v175
v175,v98
v98,v145
v145,v98
v98,v142
v142,v98
v98,v125
v125,v98
v98,v121
v121,v98
v98,v169
v169,v98
v98,v167
v167,v98
v98,v153
v153,v98
v99,v137
v137,v99
v99,v195
v195,v99
v99,v143
v143,v99
v99,v186
v186,v99
v99,v180
v180,v99
v99,v199
v199,v99
v99,v150
v150,v99
v99,v106
v106,v99
v99,v100
v100,v99
v99,v161
v161,v99
v99,v115
v115,v99
v99,v118
v118,v99
v99,v168
v168,v99
v99,v144
v144,v99
v99,v179
v179,v99
v99,v101
v101,v99
v99,v157
v157,v99
v99,v102
v102,v99
v99,v107
v107,v99
v99,v173
v173,v99
v100,v107
v107,v100
v100,v155
v155,v100
v100,v134
v134,v100
v100,v179
v179,v100
v100,v196
v196,v100
v100,v105
v105,v100
v100,v130
v130,v100
v100,v133
v133,v100
v100,v194
v194,v100
v100,v172
v172,v100
v100,v135
v135,v100
v100,v121
v121,v100
v100,v111
v111,v100
v100,v197
v197,v100
v100,v174
v174,v100
v100,v177
v177,v100
v100,v144
v144,v100
v100,v131
v131,v100
v100,v129
v129,v100
v100,v156
v156,v100
v101,v105
v105,v101
v101,v197
v197,v101
v101,v116
v116,v101
v101,v108
v108,v101
v101,v163
v163,v101
v101,v164
v164,v101
v101,v124
v124,v101
v101,v158
v158,v101
v101,v188
v188,v101
v101,v138
v138,v101
v101,v171
v171,v101
v101,v133
v133,v101
v101,v134
v134,v101
v101,v132
v132,v101
v101,v148
v148,v101
v101,v119
v119,v101
v101,v185
v185,v101
v101,v184
v184,v101
v101,v103
v103,v101
v101,v174
v174,v101
v102,v159
v159,v102
v102,v106
v106,v102
v102,v110
v110,v102
v102,v121
v121,v102
v102,v112
v112,v102
v102,v103
v103,v102
v102,v151
v151,v102
v102,v127
v127,v102
v102,v142
v142,v102
v102,v117
v117,v102
v102,v146
v146,v102
v102,v126
v126,v102
v102,v108
v108,v102
v102,v182
v182,v102
v102,v114
v114,v102
v102,v143
v143,v102
v102,v171
v171,v102
v102,v150
v150,v102
v102,v118
v118,v102
v102,v188
v188,v102
v103,v131
v131,v103
v103,v107
v107,v103
v103,v106
v106,v103
v103,v121
v121,v103
v103,v117
v117,v103
v103,v105
v105,v103
v103,v165
v165,v103
v103,v136
v136,v103
v103,v114
v114,v103
v103,v115
v115,v103
v103,v123
v123,v103
v103,v137
v137,v103
v103,v148
v148,v103
v103,v140
v140,v103
v103,v104
v104,v103
v103,v142
v142,v103
v103,v143
v143,v103
v103,v133
v133,v103
v103,v141
v141,v103
v103,v138
v138,v103
v104,v197
v197,v104
v104,v118
v118,v104
v104,v127
v127,v104
v104,v106
v106,v104
v104,v192
v192,v104
v104,v109
v109,v104
v104,v191
v191,v104
v104,v186
v186,v104
v104,v111
v111,v104
v104,v148
v148,v104
v104,v174
v174,v104
v104,v196
v196,v104
v104,v141
v141,v104
v104,v166
v166,v104
v104,v155
v155,v104
v104,v105
v105,v104
v104,v183
v183,v104
v104,v177
v177,v104
v104,v168
v168,v104
v104,v137
v137,v104
v105,v137
v137,v105
v105,v114
v114,v105
v105,v132
v132,v105
v105,v192
v192,v105
v105,v181
v181,v105
v105,v139
v139,v105
v105,v109
v109,v105
v105,v177
v177,v105
v105,v129
v129,v105
v105,v144
v144,v105
v105,v152
v152,v105
v105,v187
v187,v105
v105,v126
v126,v105
v105,v125
v125,v105
v105,v170
v170,v105
v105,v173
v173,v105
v105,v182
v182,v105
v105,v142
v142,v105
v105,v117
v117,v105
v105,v163
v163,v105
v106,v137
v137,v106
v106,v167
v167,v106
v106,v133
v133,v106
v106,v107
v107,v106
v106,v144
v144,v106
v106,v108
v108,v106
v106,v135
v135,v106
v106,v117
v117,v106
v106,v118
v118,v106
v106,v145
v145,v106
v106,v112
v112,v106
v106,v184
v184,v106
v106,v147
v147,v106
v106,v192
v192,v106
v106,v179
v179,v106
v106,v153
v153,v106
v106,v165
v165,v106
v106,v174
v174,v106
v106,v143
v143,v106
v106,v116
v116,v106
v107,v118
v118,v107
v107,v135
v135,v107
v107,v108
v108,v107
v107,v153
v153,v107
v107,v150
v150,v107
v107,v188
v188,v107
v107,v196
v196,v107
v107,v138
v138,v107
v107,v146
v146,v107
v107,v114
v114,v107
v107,v199
v199,v107
v107,v171
v171,v107
v107,v141
v141,v107
v107,v127
v127,v107
v107,v168
v168,v107
v107,v184
v184,v107
v107,v162
v162,v107
v107,v147
v147,v107
v107,v115
v115,v107
v107,v167
v167,v107
v108,v148
v148,v108
v108,v115
v115,v108
v108,v150
v150,v108
v108,v142
v142,v108
v108,v111
v111,v108
v108,v163
v163,v108
v108,v158
v158,v108
v108,v138
v138,v108
v108,v123
v123,v108
v108,v183
v183,v108
v108,v176
v176,v108
v108,v118
v118,v108
v108,v165
v165,v108
v108,v122
v122,v108
v108,v110
v110,v108
v108,v185
v185,v108
v108,v116
v116,v108
v108,v193
v193,v108
v108,v189
v189,v108
v108,v113
v113,v108
v109,v163
v163,v109
v109,v154
v154,v109
v109,v157
v157,v109
v109,v128
v128,v109
v109,v179
v179,v109
v109,v131
v131,v109
v109,v143
v143,v109
v109,v140
v140,v109
v109,v183
v183,v109
v109,v198
v198,v109
v109,v139
v139,v109
v109,v122
v122,v109
v109,v135
v135,v109
v109,v177
v177,v109
v109,v117
v117,v109
v109,v186
v186,v109
v109,v166
v166,v109
v109,v145
v145,v109
v109,v173
v173,v109
v109,v187
v187,v109
v110,v176
v176,v110
v110,v138
v138,v110
v110,v117
v117,v110
v110,v154
v154,v110
v110,v111
v111,v110
v110,v182
v182,v110
v110,v137
v137,v110
v110,v119
v119,v110
v110,v113
v113,v110
v110,v168
v168,v110
v110,v166
v166,v110
v110,v186
v186,v110
v110,v190
v190,v110
v110,v152
v152,v110
v110,v120
v120,v110
v110,v143
v143,v110
v110,v122
v122,v110
v110,v169
v169,v110
v110,v175
v175,v110
v110,v114
v114,v110
v111,v117
v117,v111
v111,v112
v112,v111
v111,v132
v132,v111
v111,v179
v179,v111
v111,v136
v136,v111
v111,v195
v195,v111
v111,v168
v168,v111
v111,v178
v178,v111
v111,v149
v149,v111
v111,v153
v153,v111
v111,v131
v131,v111
v111,v169
v169,v111
v111,v141
v141,v111
v111,v194
v194,v111
v111,v156
v156,v111
v111,v119
v119,v111
v111,v198
v198,v111
v111,v159
v159,v111
v111,v171
v171,v111
v111,v146
v146,v111
v112,v160
v160,v112
v112,v137
v137,v112
v112,v175
v175,v112
v112,v182
v182,v112
v112,v115
v115,v112
v112,v162
v162,v112
v112,v146
v146,v112
v112,v133
v133,v112
v112,v121
v121,v112
v112,v153
v153,v112
v112,v120
v120,v112
v112,v183
v183,v112
v112,v126
v126,v112
v112,v122
v122,v112
v112,v177
v177,v112
v112,v189
v189,v112
v112,v197
v197,v112
v112,v149
v149,v112
v112,v198
v198,v112
v112,v117
v117,v112
v113,v153
v153,v113
v113,v169
v169,v113
v113,v126
v126,v113
v113,v119
v119,v113
v113,v155
v155,v113
v113,v135
v135,v113
v113,v160
v160,v113
v113,v164
v164,v113
v113,v149
v149,v113
v113,v184
v184,v113
v113,v165
v165,v113
v113,v146
v146,v113
v113,v156
v156,v113
v113,v140
v140,v113
v113,v166
v166,v113
v113,v195
v195,v113
v113,v179
v179,v113
v113,v114
v114,v113
v113,v182
v182,v113
v113,v144
v144,v113
v114,v123
v123,v114
v114,v116
v116,v114
v114,v152
v152,v114
v114,v167
v167,v114
v114,v150
v150,v114
v114,v165
v165,v114
v114,v166
v166,v114
v114,v147
v147,v114
v114,v148
v148,v114
v114,v192
v192,v114
v114,v145
v145,v114
v114,v183
v183,v114
v114,v172
v172,v114
v114,v124
v124,v114
v114,v126
v126,v114
v114,v159
v159,v114
v114,v180
v180,v114
v114,v118
v118,v114
v114,v158
v158,v114
v114,v173
v173,v114
v115,v145
v145,v115
v115,v131
v131,v115
v115,v138
v138,v115
v115,v148
v148,v115
v115,v157
v157,v115
v115,v143
v143,v115
v115,v116
v116,v115
v115,v129
v129,v115
v115,v144
v144,v115
v115,v196
v196,v115
v115,v158
v158,v115
v115,v119
v119,v115
v115,v147
v147,v115
v115,v135
v135,v115
v115,v191
v191,v115
v115,v194
v194,v115
v115,v160
v160,v115
v115,v128
v128,v115
v115,v140
v140,v115
v115,v177
v177,v115
v116,v117
v117,v116
v116,v139
v139,v116
v116,v155
v155,v116
v116,v171
v171,v116
v116,v165
v165,v116
v116,v192
v192,v116
v116,v178
v178,v116
v116,v197
v197,v116
v116,v131
v131,v116
v116,v123
v123,v116
v116,v194
v194,v116
v116,v130
v130,v116
v116,v157
v157,v116
v116,v166
v166,v116
v116,v145
v145,v116
v116,v142
v142,v116
v116,v118
v118,v116
v116,v185
v185,v116
v116,v172
v172,v116
v116,v140
v140,v116
v117,v165
v165,v117
v117,v122
v122,v117
v117,v127
v127,v117
v117,v150
v150,v117
v117,v136
v136,v117
v117,v131
v131,v117
v117,v132
v132,v117
v117,v128
v128,v117
v117,v175
v175,v117
v117,v129
v129,v117
v117,v191
v191,v117
v117,v196
v196,v117
v117,v187
v187,v117
v117,v154
v154,v117
v117,v147
v147,v117
v117,v119
v119,v117
v117,v195
v195,v117
v117,v137
v137,v117
v117,v139
v139,v117
v117,v138
v138,v117
v118,v171
v171,v118
v118,v159
v159,v118
v118,v182
v182,v118
v118,v138
v138,v118
v118,v148
v148,v118
v118,v166
v166,v118
v118,v119
v119,v118
v118,v134
v134,v118
v118,v174
v174,v118
v118,v136
v136,v118
v118,v170
v170,v118
v118,v163
v163,v118
v118,v162
v162,v118
v118,v168
v168,v118
v118,v175
v175,v118
v118,v180
v180,v118
v118,v146
v146,v118
v118,v181
v181,v118
v118,v172
v172,v118
v118,v152
v152,v118
v119,v153
v153,v119
v119,v158
v158,v119
v119,v182
v182,v119
v119,v131
v131,v119
v119,v132
v132,v119
v119,v154
v154,v119
v119,v145
v145,v119
v119,v167
v167,v119
v119,v134
v134,v119
v119,v175
v175,v119
v119,v179
v179,v119
v119,v160
v160,v119
v119,v195
v195,v119
v119,v161
v161,v119
v119,v162
v162,v119
v119,v137
v137,v119
v119,v125
v125,v119
v119,v191
v191,v119
v119,v163
v163,v119
v119,v164
v164,v119
v120,v161
v161,v120
v120,v127
v127,v120
v120,v135
v135,v120
v120,v158
v158,v120
v120,v130
v130,v120
v120,v134
v134,v120
v120,v123
v123,v120
v120,v198
v198,v120
v120,v138
v138,v120
v120,v154
v154,v120
v120,v157
v157,v120
v120,v156
v156,v120
v120,v199
v199,v120
v120,v167
v167,v120
v120,v196
v196,v120
v120,v172
v172,v120
v120,v195
v195,v120
v120,v148
v148,v120
v120,v155
v155,v120
v120,v176
v176,v120
v121,v127
v127,v121
v121,v164
v164,v121
v121,v179
v179,v121
v121,v146
v146,v121
v121,v155
v155,v121
v121,v163
v163,v121
v121,v196
v196,v121
v121,v128
v128,v121
v121,v165
v165,v121
v121,v140
v140,v121
v121,v132
v132,v121
v121,v139
v139,v121
v121,v124
v124,v121
v121,v168
v168,v121
v121,v152
v152,v121
v121,v186
v186,v121
v121,v131
v131,v121
v121,v174
v174,v121
v121,v123
v123,v121
v121,v192
v192,v121
v122,v193
v193,v122
v122,v198
v198,v122
v122,v173
v173,v122
v122,v197
v197,v122
v122,v165
v165,v122
v122,v160
v160,v122
v122,v181
v181,v122
v122,v123
v123,v122
v122,v126
v126,v122
v122,v186
v186,v122
v122,v129
v129,v122
v122,v149
v149,v122
v122,v162
v162,v122
v122,v124
v124,v122
v122,v130
v130,v122
v122,v143
v143,v122
v122,v153
v153,v122
v122,v169
v169,v122
v122,v195
v195,v122
v122,v158
v158,v122
v123,v124
v124,v123
v123,v145
v145,v123
v123,v159
v159,v123
v123,v153
v153,v123
v123,v171
v171,v123
v123,v162
v162,v123
v123,v197
v197,v123
v123,v173
v173,v123
v123,v127
v127,v123
v123,v181
v181,v123
v123,v156
v156,v123
v123,v172
v172,v123
v123,v143
v143,v123
v123,v187
v187,v123
v123,v189
v189,v123
v123,v180
v180,v123
v123,v125
v125,v123
v123,v130
v130,v123
v123,v195
v195,v123
v123,v193
v193,v123
v124,v130
v130,v124
v124,v161
v161,v124
v124,v149
v149,v124
v124,v155
v155,v124
v124,v157
v157,v124
v124,v168
v168,v124
v124,v167
v167,v124
v124,v182
v182,v124
v124,v150
v150,v124
v124,v166
v166,v124
v124,v170
v170,v124
v124,v185
v185,v124
v124,v187
v187,v124
v124,v144
v144,v124
v124,v198
v198,v124
v124,v160
v160,v124
v124,v173
v173,v124
v124,v125
v125,v124
v124,v194
v194,v124
v124,v159
v159,v124
v125,v133
v133,v125
v125,v198
v198,v125
v125,v156
v156,v125
v125,v165
v165,v125
v125,v180
v180,v125
v125,v183
v183,v125
v125,v173
v173,v125
v125,v164
v164,v125
v125,v187
v187,v125
v125,v145
v145,v125
v125,v168
v168,v125
v125,v137
v137,v125
v125,v175
v175,v125
v125,v151
v151,v125
v125,v188
v188,v125
v125,v178
v178,v125
v125,v136
v136,v125
v125,v131
v131,v125
v125,v150
v150,v125
v125,v181
v181,v125
v126,v192
v192,v126
v126,v131
v131,v126
v126,v130
v130,v126
v126,v156
v156,v126
v126,v155
v155,v126
v126,v160
v160,v126
v126,v177
v177,v126
v126,v196
v196,v126
v126,v176
v176,v126
v126,v198
v198,v126
v126,v152
v152,v126
v126,v154
v154,v126
v126,v150
v150,v126
v126,v138
v138,v126
v126,v183
v183,v126
v126,v171
v171,v126
v126,v161
v161,v126
v126,v178
v178,v126
v126,v191
v191,v126
v126,v135
v135,v126
v127,v164
v164,v127
v127,v165
v165,v127
v127,v180
v180,v127
v127,v134
v134,v127
v127,v128
v128,v127
v127,v154
v154,v127
v127,v194
v194,v127
v127,v189
v189,v127
v127,v157
v157,v127
v127,v171
v171,v127
v127,v166
v166,v127
v127,v135
v135,v127
v127,v174
v174,v127
v127,v129
v129,v127
v127,v167
v167,v127
v127,v176
v176,v127
v127,v168
v168,v127
v127,v177
v177,v127
v127,v169
v169,v127
v127,v188
v188,v127
v128,v150
v150,v128
v128,v191
v191,v128
v128,v133
v133,v128
v128,v173
v173,v128
v128,v138
v138,v128
v128,v189
v189,v128
v128,v168
v168,v128
v128,v139
v139,v128
v128,v145
v145,v128
v128,v188
v188,v128
v128,v193
v193,v128
v128,v174
v174,v128
v128,v180
v180,v128
v128,v184
v184,v128
v128,v148
v148,v128
v128,v195
v195,v128
v128,v169
v169,v128
v128,v158
v158,v128
v128,v151
v151,v128
v128,v179
v179,v128
v129,v135
v135,v129
v129,v131
v131,v129
v129,v145
v145,v129
v129,v164
v164,v129
v129,v142
v142,v129
v129,v150
v150,v129
v129,v149
v149,v129
v129,v144
v144,v129
v129,v168
v168,v129
v129,v130
v130,v129
v129,v140
v140,v129
v129,v171
v171,v129
v129,v199
v199,v129
v129,v133
v133,v129
v129,v147
v147,v129
v129,v156
v156,v129
v129,v165
v165,v129
v129,v191
v191,v129
v129,v163
v163,v129
v129,v132
v132,v129
v130,v199
v199,v130
v130,v161
v161,v130
v130,v139
v139,v130
v130,v140
v140,v130
v130,v155
v155,v130
v130,v160
v160,v130
v130,v157
v157,v130
v130,v158
v158,v130
v130,v135
v135,v130
v130,v162
v162,v130
v130,v149
v149,v130
v130,v169
v169,v130
v130,v171
v171,v130
v130,v187
v187,v130
v130,v196
v196,v130
v130,v133
v133,v130
v130,v134
v134,v130
v130,v182
v182,v130
v130,v141
v141,v130
v130,v151
v151,v130
v131,v158
v158,v131
v131,v156
v156,v131
v131,v165
v165,v131
v131,v133
v133,v131
v131,v135
v135,v131
v131,v141
v141,v131
v131,v140
v140,v131
v131,v153
v153,v131
v131,v162
v162,v131
v131,v151
v151,v131
v131,v137
v137,v131
v131,v144
v144,v131
v131,v136
v136,v131
v131,v155
v155,v131
v131,v164
v164,v131
v131,v138
v138,v131
v131,v139
v139,v131
v131,v150
v150,v131
v131,v149
v149,v131
v131,v174
v174,v131
v132,v182
v182,v132
v132,v179
v179,v132
v132,v133
v133,v132
v132,v143
v143,v132
v132,v156
v156,v132
v132,v165
v165,v132
v132,v171
v171,v132
v132,v174
v174,v132
v132,v185
v185,v132
v132,v167
v167,v132
v132,v194
v194,v132
v132,v196
v196,v132
v132,v170
v170,v132
v132,v189
v189,v132
v132,v197
v197,v132
v132,v190
v190,v132
v132,v172
v172,v132
v132,v175
v175,v132
v132,v195
v195,v132
v132,v180
v180,v132
v133,v147
v147,v133
v133,v195
v195,v133
v133,v152
v152,v133
v133,v138
v138,v133
v133,v150
v150,v133
v133,v164
v164,v133
v133,v176
v176,v133
v133,v148
v148,v133
v133,v155
v155,v133
v133,v167
v167,v133
v133,v135
v135,v133
v133,v153
v153,v133
v133,v140
v140,v133
v133,v181
v181,v133
v133,v184
v184,v133
v133,v189
v189,v133
v133,v141
v141,v133
v133,v136
v136,v133
v133,v154
v154,v133
v133,v146
v146,v133
v134,v142
v142,v134
v134,v189
v189,v134
v134,v182
v182,v134
v134,v175
v175,v134
v134,v163
v163,v134
v134,v180
v180,v134
v134,v137
v137,v134
v134,v162
v162,v134
v134,v158
v158,v134
v134,v152
v152,v134
v134,v167
v167,v134
v134,v145
v145,v134
v134,v138
v138,v134
v134,v136
v136,v134
v134,v154
v154,v134
v134,v196
v196,v134
v134,v135
v135,v134
v134,v148
v148,v134
v134,v185
v185,v134
v134,v186
v186,v134
v135,v151
v151,v135
v135,v139
v139,v135
v135,v144
v144,v135
v135,v178
v178,v135
v135,v197
v197,v135
v135,v154
v154,v135
v135,v150
v150,v135
v135,v192
v192,v135
v135,v173
v173,v135
v135,v179
v179,v135
v135,v198
v198,v135
v135,v183
v183,v135
v135,v172
v172,v135
v135,v181
v181,v135
v135,v186
v186,v135
v135,v196
v196,v135
v135,v147
v147,v135
v135,v162
v162,v135
v135,v195
v195,v135
v135,v161
v161,v135
v136,v187
v187,v136
v136,v153
v153,v136
v136,v174
v174,v136
v136,v168
v168,v136
v136,v141
v141,v136
v136,v186
v186,v136
v136,v157
v157,v136
v136,v172
v172,v136
v136,v143
v143,v136
v136,v179
v179,v136
v136,v166
v166,v136
v136,v147
v147,v136
v136,v140
v140,v136
v136,v198
v198,v136
v136,v139
v139,v136
v136,v158
v158,v136
v136,v159
v159,v136
v136,v184
v184,v136
v136,v162
v162,v136
v136,v144
v144,v136
v137,v176
v176,v137
v137,v147
v147,v137
v137,v187
v187,v137
v137,v189
v189,v137
v137,v188
v188,v137
v137,v141
v141,v137
v137,v168
v168,v137
v137,v180
v180,v137
v137,v167
v167,v137
v137,v165
v165,v137
v137,v158
v158,v137
v137,v143
v143,v137
v137,v179
v179,v137
v137,v185
v185,v137
v137,v140
v140,v137
v137,v190
v190,v137
v137,v197
v197,v137
v137,v171
v171,v137
v137,v177
v177,v137
v137,v181
v181,v137
v138,v186
v186,v138
v138,v180
v180,v138
v138,v146
v146,v138
v138,v145
v145,v138
v138,v181
v181,v138
v138,v152
v152,v138
v138,v169
v169,v138
v138,v154
v154,v138
v138,v139
v139,v138
v138,v148
v148,v138
v138,v150
v150,v138
v138,v165
v165,v138
v138,v147
v147,v138
v138,v193
v193,v138
v138,v161
v161,v138
v138,v167
v167,v138
v138,v199
v199,v138
v138,v183
v183,v138
v138,v190
v190,v138
v138,v160
v160,v138
v139,v183
v183,v139
v139,v176
v176,v139
v139,v142
v142,v139
v139,v169
v169,v139
v139,v147
v147,v139
v139,v173
v173,v139
v139,v161
v161,v139
v139,v141
v141,v139
v139,v179
v179,v139
v139,v188
v188,v139
v139,v178
v178,v139
v139,v177
v177,v139
v139,v146
v146,v139
v139,v163
v163,v139
v139,v150
v150,v139
v139,v151
v151,v139
v139,v140
v140,v139
v139,v193
v193,v139
v139,v174
v174,v139
v139,v196
v196,v139
v140,v144
v144,v140
v140,v161
v161,v140
v140,v149
v149,v140
v140,v171
v171,v140
v140,v173
v173,v140
v140,v184
v184,v140
v140,v183
v183,v140
v140,v155
v155,v140
v140,v185
v185,v140
v140,v148
v148,v140
v140,v150
v150,v140
v140,v196
v196,v140
v140,v172
v172,v140
v140,v179
v179,v140
v140,v143
v143,v140
v140,v186
v186,v140
v140,v158
v158,v140
v140,v168
v168,v140
v140,v189
v189,v140
v140,v142
v142,v140
v141,v182
v182,v141
v141,v150
v150,v141
v141,v147
v147,v141
v141,v161
v161,v141
v141,v146
v146,v141
v141,v145
v145,v141
v141,v193
v193,v141
v141,v164
v164,v141
v141,v177
v177,v141
v141,v178
v178,v141
v141,v144
v144,v141
v141,v179
v179,v141
v141,v152
v152,v141
v141,v149
v149,v141
v141,v162
v162,v141
v141,v169
v169,v141
v141,v167
v167,v141
v141,v166
v166,v141
v141,v170
v170,v141
v141,v175
v175,v141
v142,v170
v170,v142
v142,v181
v181,v142
v142,v187
v187,v142
v142,v183
v183,v142
v142,v151
v151,v142
v142,v157
v157,v142
v142,v165
v165,v142
v142,v182
v182,v142
v142,v160
v160,v142
v142,v188
v188,v142
v142,v189
v189,v142
v142,v162
v162,v142
v142,v149
v149,v142
v142,v143
v143,v142
v142,v144
v144,v142
v142,v192
v192,v142
v142,v156
v156,v142
v142,v163
v163,v142
v142,v145
v145,v142
v142,v193
v193,v142
v143,v185
v185,v143
v143,v190
v190,v143
v143,v164
v164,v143
v143,v187
v187,v143
v143,v184
v184,v143
v143,v158
v158,v143
v143,v169
v169,v143
v143,v171
v171,v143
v143,v191
v191,v143
v143,v170
v170,v143
v143,v173
v173,v143
v143,v182
v182,v143
v143,v177
v177,v143
v143,v162
v162,v143
v143,v167
v167,v143
v143,v196
v196,v143
v143,v155
v155,v143
v143,v148
v148,v143
v143,v161
v161,v143
v143,v166
v166,v143
v144,v162
v162,v144
v144,v145
v145,v144
v144,v166
v166,v144
v144,v188
v188,v144
v144,v179
v179,v144
v144,v186
v186,v144
v144,v175
v175,v144
v144,v195
v195,v144
v144,v163
v163,v144
v144,v169
v169,v144
v144,v194
v194,v144
v144,v181
v181,v144
v144,v151
v151,v144
v144,v146
v146,v144
v144,v154
v154,v144
v144,v197
v197,v144
v144,v156
v156,v144
v144,v183
v183,v144
v144,v199
v199,v144
v144,v147
v147,v144
v145,v173
v173,v145
v145,v179
v179,v145
v145,v195
v195,v145
v145,v184
v184,v145
v145,v152
v152,v145
v145,v175
v175,v145
v145,v189
v189,v145
v145,v192
v192,v145
v145,v149
v149,v145
v145,v150
v150,v145
v145,v188
v188,v145
v145,v170
v170,v145
v145,v187
v187,v145
v145,v155
v155,v145
v145,v199
v199,v145
v145,v182
v182,v145
v145,v169
v169,v145
v145,v148
v148,v145
v145,v163
v163,v145
v145,v185
v185,v145
v146,v168
v168,v146
v146,v187
v187,v146
v146,v191
v191,v146
v146,v160
v160,v146
v146,v178
v178,v146
v146,v151
v151,v146
v146,v197
v197,v146
v146,v190
v190,v146
v146,v164
v164,v146
v146,v155
v155,v146
v146,v156
v156,v146
v146,v179
v179,v146
v146,v174
v174,v146
v146,v173
v173,v146
v146,v157
v157,v146
v146,v183
v183,v146
v146,v181
v181,v146
v146,v188
v188,v146
v146,v172
v172,v146
v146,v180
v180,v146
v147,v175
v175,v147
v147,v154
v154,v147
v147,v181
v181,v147
v147,v158
v158,v147
v147,v160
v160,v147
v147,v166
v166,v147
v147,v148
v148,v147
v147,v173
v173,v147
v147,v162
v162,v147
v147,v161
v161,v147
v147,v190
v190,v147
v147,v189
v189,v147
v147,v197
v197,v147
v147,v155
v155,v147
v147,v191
v191,v147
v147,v163
v163,v147
v147,v149
v149,v147
v147,v180
v180,v147
v147,v177
v177,v147
v147,v172
v172,v147
v148,v153
v153,v148
v148,v169
v169,v148
v148,v158
v158,v148
v148,v167
v167,v148
v148,v162
v162,v148
v148,v151
v151,v148
v148,v179
v179,v148
v148,v161
v161,v148
v148,v192
v192,v148
v148,v152
v152,v148
v148,v172
v172,v148
v148,v193
v193,v148
v148,v175
v175,v148
v148,v157
v157,v148
v148,v165
v165,v148
v148,v164
v164,v148
v148,v195
v195,v148
v148,v190
v190,v148
v148,v173
v173,v148
v148,v188
v188,v148
v149,v172
v172,v149
v149,v157
v157,v149
v149,v188
v188,v149
v149,v153
v153,v149
v149,v195
v195,v149
v149,v194
v194,v149
v149,v161
v161,v149
v149,v156
v156,v149
v149,v160
v160,v149
v149,v151
v151,v149
v149,v182
v182,v149
v149,v168
v168,v149
v149,v180
v180,v149
v149,v183
v183,v149
v149,v159
v159,v149
v149,v178
v178,v149
v149,v155
v155,v149
v149,v165
v165,v149
v149,v166
v166,v149
v149,v189
v189,v149
v150,v161
v161,v150
v150,v163
v163,v150
v150,v191
v191,v150
v150,v182
v182,v150
v150,v190
v190,v150
v150,v158
v158,v150
v150,v189
v189,v150
v150,v174
v174,v150
v150,v178
v178,v150
v150,v166
v166,v150
v150,v180
v180,v150
v150,v152
v152,v150
v150,v151
v151,v150
v150,v157
v157,v150
v150,v192
v192,v150
v150,v170
v170,v150
v150,v155
v155,v150
v150,v195
v195,v150
v150,v169
v169,v150
v150,v181
v181,v150
v151,v166
v166,v151
v151,v152
v152,v151
v151,v191
v191,v151
v151,v185
v185,v151
v151,v189
v189,v151
v151,v194
v194,v151
v151,v180
v180,v151
v151,v186
v186,v151
v151,v171
v171,v151
v151,v179
v179,v151
v151,v168
v168,v151
v151,v197
v197,v151
v151,v173
v173,v151
v151,v159
v159,v151
v151,v169
v169,v151
v151,v174
v174,v151
v151,v153
v153,v151
v151,v177
v177,v151
v151,v165
v165,v151
v151,v188
v188,v151
v152,v159
v159,v152
v152,v167
v167,v152
v152,v160
v160,v152
v152,v163
v163,v152
v152,v154
v154,v152
v152,v192
v192,v152
v152,v174
v174,v152
v152,v155
v155,v152
v152,v189
v189,v152
v152,v194
v194,v152
v152,v161
v161,v152
v152,v181
v181,v152
v152,v187
v187,v152
v152,v164
v164,v152
v152,v197
v197,v152
v152,v179
v179,v152
v152,v175
v175,v152
v152,v176
v176,v152
v152,v172
v172,v152
v152,v173
v173,v152
v153,v185
v185,v153
v153,v190
v190,v153
v153,v157
v157,v153
v153,v169
v169,v153
v153,v191
v191,v153
v153,v177
v177,v153
v153,v197
v197,v153
v153,v182
v182,v153
v153,v196
v196,v153
v153,v180
v180,v153
v153,v166
v166,v153
v153,v154
v154,v153
v153,v158
v158,v153
v153,v175
v175,v153
v153,v163
v163,v153
v153,v184
v184,v153
v153,v170
v170,v153
v153,v172
v172,v153
v153,v173
v173,v153
v153,v199
v199,v153
v154,v176
v176,v154
v154,v196
v196,v154
v154,v192
v192,v154
v154,v157
v157,v154
v154,v193
v193,v154
v154,v199
v199,v154
v154,v187
v187,v154
v154,v162
v162,v154
v154,v184
v184,v154
v154,v198
v198,v154
v154,v182
v182,v154
v154,v173
v173,v154
v154,v177
v177,v154
v154,v158
v158,v154
v154,v160
v160,v154
v154,v169
v169,v154
v154,v190
v190,v154
v154,v156
v156,v154
v154,v166
v166,v154
v154,v161
v161,v154
v155,v182
v182,v155
v155,v156
v156,v155
v155,v157
v157,v155
v155,v166
v166,v155
v155,v186
v186,v155
v155,v198
v198,v155
v155,v191
v191,v155
v155,v165
v165,v155
v155,v173
v173,v155
v155,v169
v169,v155
v155,v168
v168,v155
v155,v176
v176,v155
v155,v170
v170,v155
v155,v190
v190,v155
v155,v195
v195,v155
v155,v164
v164,v155
v155,v178
v178,v155
v155,v177
v177,v155
v155,v183
v183,v155
v155,v188
v188,v155
v156,v162
v162,v156
v156,v199
v199,v156
v156,v161
v161,v156
v156,v196
v196,v156
v156,v168
v168,v156
v156,v176
v176,v156
v156,v177
v177,v156
v156,v165
v165,v156
v156,v182
v182,v156
v156,v189
v189,v156
v156,v181
v181,v156
v156,v197
v197,v156
v156,v169
v169,v156
v156,v160
v160,v156
v156,v191
v191,v156
v156,v188
v188,v156
v156,v185
v185,v156
v156,v179
v179,v156
v156,v167
v167,v156
v156,v195
v195,v156
v157,v180
v180,v157
v157,v159
v159,v157
v157,v170
v170,v157
v157,v161
v161,v157
v157,v184
v184,v157
v157,v169
v169,v157
v157,v185
v185,v157
v157,v190
v190,v157
v157,v158
v158,v157
v157,v188
v188,v157
v157,v162
v162,v157
v157,v165
v165,v157
v157,v174
v174,v157
v157,v182
v182,v157
v157,v191
v191,v157
v157,v172
v172,v157
v157,v160
v160,v157
v157,v193
v193,v157
v157,v195
v195,v157
v157,v173
v173,v157
v158,v169
v169,v158
v158,v188
v188,v158
v158,v162
v162,v158
v158,v180
v180,v158
v158,v197
v197,v158
v158,v174
v174,v158
v158,v177
v177,v158
v158,v196
v196,v158
v158,v183
v183,v158
v158,v191
v191,v158
v158,v176
v176,v158
v158,v161
v161,v158
v158,v190
v190,v158
v158,v165
v165,v158
v158,v178
v178,v158
v158,v164
v164,v158
v158,v170
v170,v158
v158,v167
v167,v158
v158,v179
v179,v158
v158,v160
v160,v158
v159,v160
v160,v159
v159,v170
v170,v159
v159,v163
v163,v159
v159,v190
v190,v159
v159,v173
v173,v159
v159,v165
v165,v159
v159,v185
v185,v159
v159,v161
v161,v159
v159,v196
v196,v159
v159,v172
v172,v159
v159,v198
v198,v159
v159,v167
v167,v159
v159,v199
v199,v159
v159,v182
v182,v159
v159,v181
v181,v159
v159,v195
v195,v159
v159,v193
v193,v159
v159,v175
v175,v159
v159,v180
v180,v159
v159,v186
v186,v159
v160,v171
v171,v160
v160,v173
v173,v160
v160,v181
v181,v160
v160,v163
v163,v160
v160,v189
v189,v160
v160,v180
v180,v160
v160,v168
v168,v160
v160,v187
v187,v160
v160,v191
v191,v160
v160,v194
v194,v160
v160,v162
v162,v160
v160,v177
v177,v160
v160,v182
v182,v160
v160,v179
v179,v160
v160,v196
v196,v160
v160,v176
v176,v160
v160,v199
v199,v160
v160,v164
v164,v160
v160,v192
v192,v160
v160,v166
v166,v160
v161,v174
v174,v161
v161,v185
v185,v161
v161,v162
v162,v161
v161,v172
v172,v161
v161,v171
v171,v161
v161,v177
v177,v161
v161,v164
v164,v161
v161,v170
v170,v161
v161,v191
v191,v161
v161,v166
v166,v161
v161,v199
v199,v161
v161,v190
v190,v161
v161,v196
v196,v161
v161,v193
v193,v161
v161,v188
v188,v161
v161,v168
v168,v161
v161,v178
v178,v161
v161,v198
v198,v161
v161,v195
v195,v161
v161,v176
v176,v161
v162,v176
v176,v162
v162,v164
v164,v162
v162,v167
v167,v162
v162,v178
v178,v162
v162,v198
v198,v162
v162,v186
v186,v162
v162,v169
v169,v162
v162,v172
v172,v162
v162,v170
v170,v162
v162,v183
v183,v162
v162,v174
v174,v162
v162,v193
v193,v162
v162,v195
v195,v162
v162,v194
v194,v162
v162,v166
v166,v162
v162,v185
v185,v162
v162,v181
v181,v162
v162,v168
v168,v162
v162,v184
v184,v162
v162,v191
v191,v162
v163,v192
v192,v163
v163,v189
v189,v163
v163,v196
v196,v163
v163,v184
v184,v163
v163,v179
v179,v163
v163,v186
v186,v163
v163,v169
v169,v163
v163,v167
v167,v163
v163,v180
v180,v163
v163,v178
v178,v163
v163,v175
v175,v163
v163,v198
v198,v163
v163,v176
v176,v163
v163,v190
v190,v163
v163,v181
v181,v163
v163,v165
v165,v163
v163,v195
v195,v163
v163,v183
v183,v163
v163,v168
v168,v163
v163,v194
v194,v163
v164,v182
v182,v164
v164,v175
v175,v164
v164,v197
v197,v164
v164,v187
v187,v164
v164,v186
v186,v164
v164,v192
v192,v164
v164,v178
v178,v164
v164,v170
v170,v164
v164,v171
v171,v164
v164,v185
v185,v164
v164,v167
v167,v164
v164,v172
v172,v164
v164,v176
v176,v164
v164,v189
v189,v164
v164,v195
v195,v164
v164,v169
v169,v164
v164,v181
v181,v164
v164,v166
v166,v164
v164,v179
v179,v164
v164,v191
v191,v164
v165,v166
v166,v165
v165,v197
v197,v165
v165,v192
v192,v165
v165,v169
v169,v165
v165,v185
v185,v165
v165,v176
v176,v165
v165,v178
v178,v165
v165,v179
v179,v165
v165,v191
v191,v165
v165,v175
v175,v165
v165,v193
v193,v165
v165,v186
v186,v165
v165,v189
v189,v165
v165,v177
v177,v165
v165,v199
v199,v165
v165,v198
v198,v165
v165,v170
v170,v165
v165,v196
v196,v165
v165,v195
v195,v165
v165,v167
v167,v165
v166,v169
v169,v166
v166,v187
v187,v166
v166,v193
v193,v166
v166,v190
v190,v166
v166,v176
v176,v166
v166,v185
v185,v166
v166,v186
v186,v166
v166,v195
v195,v166
v166,v196
v196,v166
v166,v181
v181,v166
v166,v178
v178,v166
v166,v174
v174,v166
v166,v173
v173,v166
v166,v184
v184,v166
v166,v197
v197,v166
v166,v199
v199,v166
v166,v168
v168,v166
v166,v172
v172,v166
v166,v182
v182,v166
v166,v194
v194,v166
v167,v174
v174,v167
v167,v199
v199,v167
v167,v171
v171,v167
v167,v187
v187,v167
v167,v193
v193,v167
v167,v175
v175,v167
v167,v176
v176,v167
v167,v181
v181,v167
v167,v192
v192,v167
v167,v178
v178,v167
v167,v196
v196,v167
v167,v177
v177,v167
v167,v188
v188,v167
v167,v184
v184,v167
v167,v168
v168,v167
v167,v182
v182,v167
v167,v194
v194,v167
v167,v186
v186,v167
v167,v183
v183,v167
v167,v173
v173,v167
v168,v197
v197,v168
v168,v171
v171,v168
v168,v175
v175,v168
v168,v195
v195,v168
v168,v189
v189,v168
v168,v170
v170,v168
v168,v196
v196,v168
v168,v193
v193,v168
v168,v183
v183,v168
v168,v184
v184,v168
v168,v174
v174,v168
v168,v199
v199,v168
v168,v179
v179,v168
v168,v188
v188,v168
v168,v192
v192,v168
v168,v190
v190,v168
v168,v173
v173,v168
v168,v191
v191,v168
v168,v187
v187,v168
v168,v182
v182,v168
v169,v185
v185,v169
v169,v193
v193,v169
v169,v170
v170,v169
v169,v192
v192,v169
v169,v176
v176,v169
v169,v188
v188,v169
v169,v184
v184,v169
v169,v181
v181,v169
v169,v178
v178,v169
v169,v177
v177,v169
v169,v171
v171,v169
v169,v189
v189,v169
v169,v183
v183,v169
v169,v175
v175,v169
v169,v172
v172,v169
v169,v191
v191,v169
v169,v179
v179,v169
v169,v180
v180,v169
v169,v194
v194,v169
v169,v186
v186,v169
v170,v186
v186,v170
v170,v183
v183,v170
v170,v191
v191,v170
v170,v187
v187,v170
v170,v174
v174,v170
v170,v173
v173,v170
v170,v197
v197,v170
v170,v178
v178,v170
v170,v196
v196,v170
v170,v177
v177,v170
v170,v194
v194,v170
v170,v184
v184,v170
v170,v188
v188,v170
v170,v189
v189,v170
v170,v198
v198,v170
v170,v182
v182,v170
v170,v190
v190,v170
v170,v176
v176,v170
v170,v172
v172,v170
v170,v171
v171,v170
v171,v188
v188,v171
v171,v187
v187,v171
v171,v176
v176,v171
v171,v183
v183,v171
v171,v189
v189,v171
v171,v177
v177,v171
v171,v173
v173,v171
v171,v198
v198,v171
v171,v191
v191,v171
v171,v197
v197,v171
v171,v185
v185,v171
v171,v182
v182,v171
v171,v186
v186,v171
v171,v190
v190,v171
v171,v181
v181,v171
v171,v179
v179,v171
v171,v180
v180,v171
v171,v178
v178,v171
v171,v174
v174,v171
v171,v193
v193,v171
v172,v185
v185,v172
v172,v190
v190,v172
v172,v175
v175,v172
v172,v193
v193,v172
v172,v180
v180,v172
v172,v184
v184,v172
v172,v189
v189,v172
v172,v183
v183,v172
v172,v197
v197,v172
v172,v173
v173,v172
v172,v176
v176,v172
v172,v179
v179,v172
v172,v177
v177,v172
v172,v188
v188,v172
v172,v187
v187,v172
v172,v192
v192,v172
v172,v174
v174,v172
v172,v181
v181,v172
v172,v196
v196,v172
v172,v199
v199,v172
v173,v181
v181,v173
v173,v180
v180,v173
v173,v191
v191,v173
v173,v179
v179,v173
v173,v178
v178,v173
v173,v185
v185,v173
v173,v184
v184,v173
v173,v188
v188,v173
v173,v199
v199,v173
v173,v198
v198,v173
v173,v194
v194,v173
v173,v186
v186,v173
v173,v182
v182,v173
v173,v189
v189,v173
v173,v177
v177,v173
v173,v176
v176,v173
v173,v193
v193,v173
v173,v197
v197,v173
v173,v175
v175,v173
v173,v190
v190,v173
v174,v177
v177,v174
v174,v178
v178,v174
v174,v189
v189,v174
v174,v176
v176,v174
v174,v190
v190,v174
v174,v197
v197,v174
v174,v182
v182,v174
v174,v181
v181,v174
v174,v198
v198,v174
v174,v188
v188,v174
v174,v180
v180,v174
v174,v183
v183,v174
v174,v195
v195,v174
v174,v179
v179,v174
v174,v192
v192,v174
v174,v199
v199,v174
v174,v186
v186,v174
v174,v191
v191,v174
v174,v187
v187,v174
v174,v185
v185,v174
v175,v183
v183,v175
v175,v192
v192,v175
v175,v187
v187,v175
v175,v193
v193,v175
v175,v189
v189,v175
v175,v196
v196,v175
v175,v199
v199,v175
v175,v195
v195,v175
v175,v182
v182,v175
v175,v181
v181,v175
v175,v191
v191,v175
v175,v186
v186,v175
v175,v188
v188,v175
v175,v180
v180,v175
v175,v184
v184,v175
v175,v194
v194,v175
v175,v179
v179,v175
v175,v197
v197,v175
v175,v185
v185,v175
v175,v190
v190,v175
v176,v177
v177,v176
v176,v192
v192,v176
v176,v193
v193,v176
v176,v181
v181,v176
v176,v187
v187,v176
v176,v183
v183,v176
v176,v196
v196,v176
v176,v182
v182,v176
v176,v197
v197,v176
v176,v198
v198,v176
v176,v191
v191,v176
v176,v194
v194,v176
v176,v190
v190,v176
v176,v178
v178,v176
v176,v199
v199,v176
v176,v195
v195,v176
v176,v188
v188,v176
v176,v180
v180,v176
v176,v184
v184,v176
v176,v189
v189,v176
v177,v180
v180,v177
v177,v181
v181,v177
v177,v191
v191,v177
v177,v184
v184,v177
v177,v192
v192,v177
v177,v194
v194,v177
v177,v183
v183,v177
v177,v179
v179,v177
v177,v187
v187,v177
v177,v196
v196,v177
v177,v198
v198,v177
v177,v178
v178,v177
v177,v193
v193,v177
v177,v189
v189,v177
v177,v185
v185,v177
v177,v188
v188,v177
v177,v182
v182,v177
v177,v190
v190,v177
v177,v197
v197,v177
v177,v199
v199,v177
v178,v181
v181,v178
v178,v191
v191,v178
v178,v186
v186,v178
v178,v180
v180,v178
v178,v198
v198,v178
v178,v195
v195,v178
v178,v194
v194,v178
v178,v196
v196,v178
v178,v192
v192,v178
v178,v179
v179,v178
v178,v188
v188,v178
v178,v199
v199,v178
v178,v183
v183,v178
v178,v184
v184,v178
v178,v190
v190,v178
v178,v193
v193,v178
v178,v197
v197,v178
v178,v182
v182,v178
v178,v189
v189,v178
v178,v187
v187,v178
v179,v180
v180,v179
v179,v197
v197,v179
v179,v181
v181,v179
v179,v187
v187,v179
v179,v195
v195,v179
v179,v199
v199,v179
v179,v186
v186,v179
v179,v182
v182,v179
v179,v189
v189,v179
v179,v188
v188,v179
v179,v198
v198,v179
v179,v184
v184,v179
v179,v193
v193,v179
v179,v192
v192,v179
v179,v190
v190,v179
v179,v194
v194,v179
v179,v196
v196,v179
v179,v185
v185,v179
v179,v183
v183,v179
v179,v191
v191,v179
v180,v188
v188,v180
v180,v183
v183,v180
v180,v190
v190,v180
v180,v198
v198,v180
v180,v197
v197,v180
v180,v196
v196,v180
v180,v181
v181,v180
v180,v182
v182,v180
v180,v195
v195,v180
v180,v186
v186,v180
v180,v185
v185,v180
v180,v189
v189,v180
v180,v199
v199,v180
v180,v192
v192,v180
v180,v184
v184,v180
v180,v193
v193,v180
v180,v187
v187,v180
v180,v191
v191,v180
v180,v194
v194,v180
v181,v191
v191,v181
v181,v190
v190,v181
v181,v192
v192,v181
v181,v198
v198,v181
v181,v189
v189,v181
v181,v197
v197,v181
v181,v199
v199,v181
v181,v185
v185,v181
v181,v184
v184,v181
v181,v196
v196,v181
v181,v194
v194,v181
v181,v195
v195,v181
v181,v187
v187,v181
v181,v182
v182,v181
v181,v193
v193,v181
v181,v183
v183,v181
v181,v188
v188,v181
v181,v186
v186,v181
v182,v186
v186,v182
v182,v190
v190,v182
v182,v185
v185,v182
v182,v188
v188,v182
v182,v192
v192,v182
v182,v195
v195,v182
v182,v194
v194,v182
v182,v193
v193,v182
v182,v196
v196,v182
v182,v199
v199,v182
v182,v189
v189,v182
v182,v198
v198,v182
v182,v197
v197,v182
v182,v184
v184,v182
v182,v191
v191,v182
v182,v187
v187,v182
v182,v183
v183,v182
v183,v199
v199,v183
v183,v186
v186,v183
v183,v187
v187,v183
v183,v192
v192,v183
v183,v185
v185,v183
v183,v189
v189,v183
v183,v191
v191,v183
v183,v188
v188,v183
v183,v194
v194,v183
v183,v198
v198,v183
v183,v195
v195,v183
v183,v184
v184,v183
v183,v193
v193,v183
v183,v196
v196,v183
v183,v197
v197,v183
v183,v190
v190,v183
v184,v189
v189,v184
v184,v192
v192,v184
v184,v196
v196,v184
v184,v191
v191,v184
v184,v199
v199,v184
v184,v187
v187,v184
v184,v194
v194,v184
v184,v195
v195,v184
v184,v186
v186,v184
v184,v193
v193,v184
v184,v197
v197,v184
v184,v185
v185,v184
v184,v198
v198,v184
v184,v190
v190,v184
v184,v188
v188,v184
v185,v189
v189,v185
v185,v198
v198,v185
v185,v188
v188,v185
v185,v191
v191,v185
v185,v187
v187,v185
v185,v193
v193,v185
v185,v199
v199,v185
v185,v196
v196,v185
v185,v197
v197,v185
v185,v190
v190,v185
v185,v186
v186,v185
v185,v192
v192,v185
v185,v194
v194,v185
v185,v195
v195,v185
v186,v192
v192,v186
v186,v191
v191,v186
v186,v197
v197,v186
v186,v190
v190,v186
v186,v189
v189,v186
v186,v198
v198,v186
v186,v193
v193,v186
v186,v195
v195,v186
v186,v199
v199,v186
v186,v194
v194,v186
v186,v196
v196,v186
v186,v188
v188,v186
v186,v187
v187,v186
v187,v192
v192,v187
v187,v194
v194,v187
v187,v188
v188,v187
v187,v197
v197,v187
v187,v193
v193,v187
v187,v198
v198,v187
v187,v189
v189,v187
v187,v191
v191,v187
v187,v199
v199,v187
v187,v196
v196,v187
v187,v195
v195,v187
v187,v190
v190,v187
v188,v195
v195,v188
v188,v196
v196,v188
v188,v194
v194,v188
v188,v192
v192,v188
v188,v198
v198,v188
v188,v199
v199,v188
v188,v189
v189,v188
v188,v197
v197,v188
v188,v190
v190,v188
v188,v193
v193,v188
v188,v191
v191,v188
v189,v190
v190,v189
v189,v191
v191,v189
v189,v197
v197,v189
v189,v192
v192,v189
v189,v193
v193,v189
v189,v198
v198,v189
v189,v194
v194,v189
v189,v199
v199,v189
v189,v195
v195,v189
v189,v196
v196,v189
v190,v191
v191,v190
v190,v193
v193,v190
v190,v196
v196,v190
v190,v199
v199,v190
v190,v192
v192,v190
v190,v197
v197,v190
v190,v198
v198,v190
v190,v194
v194,v190
v190,v195
v195,v190
v191,v192
v192,v191
v191,v199
v199,v191
v191,v196
v196,v191
v191,v195
v195,v191
v191,v194
v194,v191
v191,v193
v193,v191
v191,v197
v197,v191
v191,v198
v198,v191
v192,v199
v199,v192
v192,v198
v198,v192
v192,v195
v195,v192
v192,v196
v196,v192
v192,v194
v194,v192
v192,v197
v197,v192
v192,v193
v193,v192
v193,v199
v199,v193
v193,v194
v194,v193
v193,v195
v195,v193
v193,v196
v196,v193
v193,v198
v198,v193
v193,v197
v197,v193
v194,v198
v198,v194
v194,v195
v195,v194
v194,v199
v199,v194
v194,v196
v196,v194
v194,v197
v197,v194
v195,v196
v196,v195
v195,v197
v197,v195
v195,v199
v199,v195
v195,v198
v198,v195
v196,v198
v198,v196
v196,v197
v197,v196
v196,v199
v199,v196
v197,v198
v198,v197
v197,v199
v199,v197
v198,v199
v199,v198